title,CAI,Nc,GC3s,CpG,tAI,CPS,CPSpL,deltaG,freqens,X40deltaG,X40freqens,hotloops,avgRONN,q25RONN,q75RONN,avgRONNloop,avgRONNextloop,avgRONNcytloop,avgRONNNterm,avgRONNCterm,avgRONNTM,RONNlongestloop,avgRONNTM1_2,numTMs,avgTMlen,membrCont,membrContNorm,lenNterm,lenNtermNorm,avgHydroGES,minhyd_19GES,minhyd_41GES,maxhyd_41GES,lenLoopAfterTM1,loop1_avghydOCT,loop1_minhyd_OCT19,loop1_maxhyd_OCT19,HYD1stTM,HYDallTMs,delG1stTM,delGallTMs,nterm_hydGES,avgCU,avgCU_first40,avgCU_first20,minCU_win5,minCU_win10,numPosCyt,numPosNormCyt,numNegCyt,numNegNormCyt,numPosExt,numPosNormExt,numNegExt,numNegNormExt,numPos_LongestCytLoop,numNeg_LongestCytLoop,numPos_LongestExtLoop,numNeg_LongestExtLoop,nterm_pos,nterm_neg,len1_2loop,longestCytLoop,longestCytLoopNorm,longestExtLoop,longestExtLoopNorm,startCodon,seqLen,weight,pI,aromatacityNorm,GPcount,plus10valRNAss,zeroto38avgRNAss,zeroto38minRNAss,zeroto38q25RNAss,zeroto38q75RNAss,zeroto38maxRNAss,avgRNAss,minRNAss,q25RNAss,q75RNAss,maxRNAss,totalSDsites,relareaSD,codon16_36SD,codon16_36relareaSD,codon40_60SD,codon40_60relareaSD,minus5_plus2TM2SD,minus5_plus2TM2relareaSD,tAI10Min,tAI10Max,tAI10q25,tAI10q75,GC,GCdiffEC,GC10min,GC10q25,GC10q75,GC10max
TM0020|AE000512.1:17114-1,0.192,58.2596778870,0.516,0.109,0.2623701,-8.63094585144021,-0.0684995702495255,-106.37,1.75421e-06,-26.46,0.0298251,0,0.347543858268,0.315877,0.3820635,0.369277046512,0.312282619048,0.423680818182,0.2820492,0.261323,0.336418535714,0.402477727273,0.402477727273,4,21.0,84,0.661417322835,5,0.0393700787402,-0.526771653543,-2.18947368421,-1.17804878049,0.256097560976,11,-0.0818181818182,NA,NA,-0.168333333333,-0.310151515152,0.6,0.77175,0.846,17.289453125,18.83175,21.868,29.21,26.554,2,0.090909,2,0.090909,4,0.190476,4,0.190476,1,0,2,2,0,2,11,11,0.0866141732283,11,0.0866141732283,1,127,13763.1036,6.15240478516,0.157480314961,2.75,0.697296173902,0.592793333337,0.428568154481,0.491832594274,0.659611623636,0.797167978636,0.55541947601,0.112261969521,0.450758944502,0.67247177986,0.914468099065,30,0.0746487695749,0,0.0110738255034,1,0.0595078299776,0,0.0127836369447,0.03343177,0.3954195,0.1896754,0.25234595,0.479166666667,-0.0573637178611,0.3,0.433333333333,0.533333333333,0.666666666667
TM0029|AE000512.1:c27554-,0.155,49.8076820374,0.467,0.086,0.2252359,-21.9820126885701,-0.0787885759446956,-279.62,3.81602e-13,-16.73,0.0019861,1,0.347171228571,0.2804385,0.395377,0.365163593496,0.442119274194,0.286946344262,0.220499428571,0.376685090909,0.333075299363,0.477352146341,0.477352146341,7,22.4285714286,157,0.560714285714,14,0.05,-0.0660714285714,-2.65263157895,-1.45609756098,1.69756097561,41,0.733658536585,0.499473684211,0.949473684211,-0.874545454545,-0.448435230183,-2.539,-0.011,0.437857142857,17.0195373665,16.674,15.512,17.028,12.38,12,0.196721,7,0.114754,9,0.145161,11,0.177419,3,4,5,6,5,0,41,30,0.107142857143,41,0.146428571429,1,280,31205.856,7.95355224609,0.125,3.0,0.459647971622,0.523582184466,0.38195805355,0.467875951639,0.566573518706,0.711455851897,0.654605091789,0.11865828398,0.545176735931,0.779746005077,0.982437058658,48,0.0810599842274,1,0.0401565995526,0,0.0673378076063,0,0.0185362735698,0.01655366,0.4120348,0.1895645,0.2770489,0.4709371293,-0.0735532006582,0.233333333333,0.4,0.533333333333,0.666666666667
TM0030|AE000512.1:c28400-,0.165,47.6464538574,0.447,0.068,0.23527,-9.09084162004624,-0.0269757911574072,-316.75,2.17101e-17,-27.42,0.00386645,0,0.33089341716,0.284895,0.36515575,0.326705847826,0.341936405405,0.303547054795,0.313924076923,0.2802415,0.335896746753,0.372323616438,0.372323616438,6,25.6666666667,154,0.455621301775,13,0.0384615384615,-0.000887573964497,-2.31578947368,-1.14390243902,1.7512195122,73,0.404383561644,0.0247368421053,1.00789473684,-0.585,-0.374495202541,-1.505,-0.392833333333,0.386923076923,16.9698820059,16.7225,17.132,16.634,16.165,14,0.191781,7,0.095890,11,0.099099,9,0.081081,5,4,8,7,4,0,73,30,0.0887573964497,73,0.215976331361,1,338,37908.7256,9.53778076172,0.144970414201,3.66666666667,0.550077436618,0.560113741673,0.450086849656,0.506051948562,0.617932566266,0.706849184392,0.63424774069,0.217834385548,0.537660106824,0.740701133271,0.990969741429,47,0.0673737615852,1,0.0580536912752,1,0.0578299776286,1,0.0504953659316,0.01655366,0.4120348,0.18654345,0.27539495,0.447394296952,-0.119867624218,0.233333333333,0.4,0.5,0.666666666667
TM0043|AE000512.1:c42004-,0.181,54.9440994263,0.479,0.079,0.2593633,-31.5816239723888,-0.0544510758144635,-535.11,3.2759e-23,-27.79,0.0336357,3,0.349347409639,0.29494,0.40277,0.353576327751,0.310010318182,0.358701740642,0.202314333333,0.348991156794,0.338502699387,0.40171265,0.348991156794,7,23.2857142857,163,0.280550774527,15,0.025817555938,1.04664371773,-1.87894736842,-1.03414634146,3.2512195122,20,0.4815,0.482631578947,0.499473684211,-0.536666666667,-0.340741159002,-1.152,0.824857142857,0.465333333333,18.5039347079,17.43975,18.528,20.228,20.344,57,0.152406,54,0.144385,9,0.204545,3,0.068182,40,43,3,1,4,1,20,287,0.493975903614,19,0.0327022375215,1,581,66323.7495,8.54681396484,0.117039586919,2.28571428571,0.633263680892,0.686028618634,0.138757496588,0.523911436395,0.874339049519,0.989979299188,0.617216612756,0.0615938965347,0.50721811141,0.735727267765,0.990967215363,96,0.0726740928779,1,0.0430648769575,1,0.0709172259508,0,0.0469798657718,0.01655366,0.4246445,0.19747635,0.2776629,0.43470790378,-0.144824816204,0.266666666667,0.366666666667,0.5,0.7
TM0051|AE000512.1:47615-4,0.209,52.5430145264,0.518,0.089,0.2693197,-47.8652603541123,-0.0716545813684316,-641.35,2.87965e-26,-45.58,0.0289214,6,0.368046074738,0.308072,0.425931,0.379498217195,0.320812722222,0.390918097297,0.395946798611,0.252222,0.345747189427,0.3203962,0.395946798611,10,22.7,227,0.339312406577,288,0.430493273543,0.648729446936,-2.24210526316,-1.36829268293,3.51707317073,5,0.666,NA,NA,-0.771578947368,-0.372041161358,-0.203,0.8154,0.767256944444,18.9860597015,19.00125,18.2545,19.446,16.517,61,0.164865,54,0.145946,7,0.097222,10,0.138889,47,42,3,3,47,42,5,288,0.430493273543,32,0.0478325859492,1,669,75139.5201,8.27960205078,0.125560538117,2.1,0.579177914787,0.62304335265,0.135462571598,0.474980844209,0.770020280857,0.884426386628,0.622684447775,0.0624598975465,0.53790812117,0.726592035487,0.994823785742,108,0.0711020328762,1,0.0730425055928,1,0.112416107383,1,0.0821348673698,0.01655366,0.4246445,0.1959609,0.27795255,0.4592039801,-0.0966351320813,0.2,0.4,0.5,0.7
TM0059|AE000512.1:c57722-,0.173,47.2831192017,0.484,0.072,0.2460257,-11.149594602826,-0.0308853036089363,-353.17,4.43772e-15,-25.48,0.0179349,1,0.315759425414,0.25292675,0.3605575,0.297341720721,0.293406970588,0.303564116279,0.243064166667,0.394193923077,0.344964642857,0.274237625,0.274237625,6,23.3333333333,140,0.386740331492,24,0.0662983425414,0.599447513812,-2.33684210526,-1.15609756098,3.73658536585,112,0.633482142857,0.133684210526,1.64368421053,-0.40652173913,-0.362966463126,-0.924,-0.342166666667,0.775833333333,16.894214876,19.475,20.3925,25.732,25.869,18,0.209302,13,0.151163,26,0.191176,15,0.110294,8,4,23,14,6,4,112,38,0.104972375691,112,0.309392265193,1,362,41332.2785,9.40655517578,0.151933701657,4.16666666667,0.363357840187,0.514600206032,0.158078143035,0.400797844827,0.639594785045,0.781875617605,0.627333044422,0.0283955393761,0.506011900243,0.760663455479,0.998153307051,68,0.0796482724335,1,0.0718120805369,0,0.0371364653244,1,0.182806008309,0.01655366,0.4120348,0.18997495,0.2738718,0.458218549128,-0.0985737122294,0.266666666667,0.4,0.5,0.7
TM0079|AE000512.1:c82213-,0.163,52.2735862732,0.494,0.077,0.2429657,-32.6605341476822,-0.101746212298075,-318.25,1.89591e-13,-35.84,0.0116578,0,0.387675540373,0.34155625,0.43290425,0.367278858268,0.340798892308,0.395040112903,0.558754333333,0.215533,0.391745568047,0.512987545455,0.34559062069,8,21.125,169,0.570945945946,23,0.0714285714286,-0.432919254658,-2.43684210526,-1.36829268293,0.939024390244,11,0.452727272727,NA,NA,-0.102857142857,-0.365603630907,1.948,0.758375,0.45652173913,16.4182972136,17.1565,16.0005,17.338,18.744,9,0.145161,7,0.112903,9,0.138462,6,0.092308,4,4,3,3,3,3,11,29,0.097972972973,23,0.0777027027027,1,322,34971.5339,9.67230224609,0.11801242236,2.625,0.476147063966,0.581154894394,0.474632277691,0.53938612152,0.637374789886,0.687950427028,0.621240675536,0.189584476635,0.516298503878,0.740278662973,0.984312340784,64,0.0754054809843,1,0.117337807606,1,0.0958612975391,0,0.0287631831256,0.01655366,0.4120348,0.1850092,0.2755338,0.467492260062,-0.0803300884449,0.266666666667,0.433333333333,0.533333333333,0.6
TM0094|AE000512.1:c97910-,0.172,54.0706024170,0.446,0.083,0.236019,-9.61597128684683,-0.0241607318764996,-382.77,3.98545e-17,-35.75,0.0494365,6,0.395265553885,0.3430935,0.465528,0.404186197015,0.348639595238,0.412148508532,0.410637932927,0.357184583333,0.3485715625,0.3452216,0.410637932927,3,21.3333333333,64,0.160401002506,164,0.411027568922,1.01228070175,-2.62105263158,-1.51463414634,2.77317073171,30,0.292333333333,-0.104210526316,0.428947368421,-0.782173913043,-0.533643297968,-4.005,-1.31533333333,0.676707317073,17.58545,16.83925,16.4,20.15,21.809,47,0.160410,38,0.129693,4,0.095238,2,0.047619,27,21,3,2,27,21,30,164,0.411027568922,30,0.0751879699248,1,399,44535.7407,9.45379638672,0.100250626566,2.66666666667,0.470974742551,0.451035188333,0.200650670359,0.306919531368,0.55035948512,0.769950630178,0.653894840685,0.043243612246,0.557934678501,0.7872498165,0.993715063787,95,0.08753007737,1,0.117897091723,1,0.0909395973154,1,0.086928731224,0.01655366,0.4120348,0.194051,0.276995725,0.4425,-0.129495885538,0.2,0.366666666667,0.5,0.666666666667
TM0112|AE000512.1:118192-,0.172,53.4648475647,0.507,0.116,0.2437733,-14.2238499436909,-0.0450121833661104,-345.95,1.37955e-13,-25.76,0.0156614,1,0.341811321767,0.281856,0.398671,0.369177918919,0.294840155556,0.419862757576,0.571793181818,0.369698,0.327065242718,0.292268545455,0.427748933333,10,20.6,206,0.649842271293,11,0.0347003154574,-0.353943217666,-2.4,-1.93902439024,1.5243902439,11,-0.1,NA,NA,-0.130526315789,-0.214986998623,1.153,0.8823,0.830909090909,16.5329874214,17.025,14.769,19.29,14.505,19,0.287879,4,0.060606,4,0.088889,1,0.022222,8,2,2,1,5,0,11,30,0.0946372239748,19,0.0599369085174,1,317,33474.7878,10.983581543,0.0883280757098,2.6,0.284588654925,0.476420366003,0.171366106341,0.344386448361,0.602714385064,0.756798295808,0.638704086582,0.0173384134063,0.539589094455,0.772056815547,0.989640377498,71,0.0875039948865,0,0.0350111856823,1,0.0793064876957,1,0.11569191435,0.01655366,0.4120348,0.18708365,0.2760262,0.503144654088,-0.0101932394276,0.3,0.466666666667,0.566666666667,0.766666666667
TM0125|AE000512.1:131956-,0.184,47.7542839050,0.560,0.106,0.2336405,-13.820660291589,-0.0491838444540535,-289.27,1.06369e-11,-31.95,0.00607125,0,0.335517617021,0.28430875,0.3940355,0.326977642202,0.360357075758,0.275744093023,0.422410892857,0.279651666667,0.340898294798,0.383322,0.422410892857,8,21.625,173,0.613475177305,28,0.0992907801418,-0.270921985816,-2.37368421053,-1.7512195122,1.66341463415,6,0.735,NA,NA,-0.194347826087,-0.339049626444,0.532,0.0495,0.860714285714,17.6282332155,15.23325,14.7895,23.272,18.235,8,0.186047,7,0.162791,10,0.151515,10,0.151515,4,4,5,6,5,6,6,20,0.0709219858156,28,0.0992907801418,1,282,30768.1771,9.21844482422,0.13475177305,2.375,0.662223110544,0.570728389218,0.27032812467,0.465850426166,0.66916721262,0.875198226332,0.627495044954,0.0724347944431,0.511650011295,0.766560302952,0.978661950699,59,0.076677852349,1,0.0871364653244,1,0.109284116331,1,0.169063598594,0.01655366,0.4120348,0.1889833,0.2767642,0.497055359246,-0.0221723495158,0.266666666667,0.433333333333,0.566666666667,0.7
TM0158|AE000512.1:164073-,0.166,54.9379730225,0.489,0.085,0.2427699,-18.5537111173229,-0.0635401065661743,-268.74,2.70385e-13,-22.85,0.00976566,0,0.289115535836,0.250221,0.330174,0.286552381679,0.261597436782,0.335895113636,0.280109333333,0.3634672,0.297811099237,0.386896705882,0.279622547619,7,18.7142857143,131,0.5,15,0.0511945392491,0.397610921502,-2.68421052632,-1.13414634146,1.98536585366,17,1.59705882353,NA,NA,-0.620555555556,-0.343437859354,-1.057,0.917714285714,0.243333333333,17.696462585,17.83025,15.707,19.758,18.548,16,0.363636,7,0.159091,12,0.137931,8,0.091954,4,5,5,3,2,2,17,17,0.0648854961832,42,0.160305343511,1,293,34000.972,9.75970458984,0.191126279863,1.71428571429,0.744243693443,0.489893550738,0.175395791389,0.343417177268,0.586623619904,0.884492598255,0.646177209769,0.11475496902,0.537596724146,0.770956825617,0.99305491682,58,0.0748172236445,1,0.0479865771812,1,0.0690156599553,1,0.0629594119527,0.01655366,0.4120348,0.18708365,0.275582875,0.431972789116,-0.150205445738,0.166666666667,0.366666666667,0.5,0.7
TM0190|AE000512.1:203942-,0.187,51.9373016357,0.468,0.09,0.258073,-11.6177565691859,-0.0338710104057897,-366.49,2.41615e-12,-27.38,0.00184635,0,0.369637421512,0.28929175,0.44539275,0.347658666667,0.3034331125,0.398202157143,0.426839363636,0.2429828,0.386631304124,0.319569352941,0.319569352941,9,21.5555555556,194,0.563953488372,11,0.031976744186,-0.317441860465,-2.33157894737,-1.29512195122,0.853658536585,34,0.499411764706,0.347894736842,0.814210526316,-0.719,-0.350947659553,-2.231,-0.136333333333,0.330909090909,18.4290724638,18.2795,19.759,21.672,20.149,11,0.157143,8,0.114286,12,0.150000,11,0.137500,4,5,7,2,3,0,34,26,0.0755813953488,34,0.0988372093023,1,344,36981.6372,8.57452392578,0.104651162791,2.33333333333,0.580270022114,0.639760374136,0.465863559158,0.577337540314,0.662605861196,0.907473285185,0.637808432086,0.0560991908577,0.494969055391,0.790019660203,0.991464107907,92,0.0874576448579,1,0.0780760626398,1,0.151454138702,0,0.0703100031959,0.01655366,0.4120348,0.1871193,0.2752808,0.473429951691,-0.0686492184034,0.233333333333,0.433333333333,0.533333333333,0.633333333333
TM0235|AE000512.1:c249716,0.195,56.4407005310,0.554,0.084,0.2632336,-21.132582128272,-0.0702079140474152,-288.15,1.21682e-14,-27.99,0.0148742,0,0.341719675497,0.2966955,0.3951865,0.350367376147,0.307552825,0.375187405797,0.3129216,0.305356,0.336835740933,0.33989595,0.381712461538,10,19.3,193,0.639072847682,5,0.0165562913907,0.0109271523179,-2.23684210526,-1.65853658537,2.03414634146,20,1.276,1.15210526316,1.24789473684,-0.62375,-0.35139838137,1.304,1.1968,0.012,18.6733993399,17.90375,19.485,21.986,22.336,21,0.304348,9,0.130435,6,0.150000,5,0.125000,9,3,2,3,0,0,20,26,0.0860927152318,19,0.0629139072848,1,302,33813.9882,9.27838134766,0.14238410596,2.3,0.450523833828,0.541298177907,0.311855677385,0.41941728316,0.645975770967,0.837088152904,0.647102417477,0.0820577841502,0.543955145709,0.771204302899,0.989395622401,62,0.0784638329605,1,0.0929530201342,1,0.0729306487696,1,0.109300095877,0.01655366,0.4120348,0.18730905,0.2762482,0.464246424642,-0.0867154287557,0.3,0.4,0.5,0.7
TM0261|AE000512.1:270336-,0.218,52.2157135010,0.488,0.105,0.241005,-7.54733925896898,-0.0188212949101471,-405.23,4.39078e-18,-37.38,0.0178953,1,0.380761691542,0.32332925,0.43610125,0.386636787234,0.38466188,0.390555253968,0.364065,0.311972,0.369419697802,0.319502,0.388049467742,9,20.2222222222,182,0.491891891892,9,0.0223880597015,-0.493532338308,-2.46315789474,-1.67317073171,2.08048780488,20,0.6785,0.69,0.749473684211,-0.107368421053,-0.362071361063,1.983,0.764555555556,0.506666666667,17.6756327543,16.137,14.107,12.73,12.711,11,0.174603,6,0.095238,18,0.144000,7,0.056000,2,3,8,6,2,0,20,20,0.0540540540541,62,0.167567567568,1,402,42693.4845,9.68426513672,0.101990049751,2.44444444444,0.376587119399,0.601208419422,0.178502661153,0.50871119871,0.740020897253,0.820484719231,0.649947145629,0.137067601339,0.554858057198,0.763683908725,0.972829104548,90,0.0830201342282,1,0.13903803132,1,0.0560402684564,1,0.0623202301055,0.01655366,0.4120348,0.19393625,0.2774179,0.473945409429,-0.0676351888392,0.2,0.4,0.533333333333,0.8
TM0288|AE000512.1:304876-,0.187,48.0085411072,0.528,0.08,0.2591624,-22.9406385541194,-0.0384265302414061,-545.93,2.61818e-22,-23.11,0.061989,9,0.396455240803,0.3180915,0.470502,0.401833643275,0.315691833333,0.406061462168,0.442230057143,0.408177087282,0.363995,0.295718210526,0.408177087282,4,21.25,85,0.142140468227,35,0.0585284280936,1.28578595318,-2.45789473684,-1.6,4.01707317073,19,0.402631578947,0.402631578947,0.402631578947,-0.52625,-0.496005140693,-0.812,0.602,0.65,18.2014691152,15.68325,18.0805,14.216,10.291,77,0.157464,66,0.134969,5,0.208333,2,0.083333,58,57,4,2,10,2,19,401,0.670568561873,19,0.0317725752508,1,598,67707.2802,8.92022705078,0.0836120401338,1.75,0.651909383583,0.506532436355,0.185843286553,0.46588567511,0.576224811899,0.669962161126,0.615041513671,0.0344489189979,0.479299836969,0.771585783242,0.998385300693,96,0.0709127216492,1,0.0469798657718,1,0.0293064876957,0,0.0268456375839,0.01655366,0.4246445,0.1964496,0.2774179,0.455759599332,-0.103411058928,0.233333333333,0.4,0.5,0.7
TM0317|AE000512.1:338973-,0.208,51.2994728088,0.524,0.103,0.2619954,-31.633324659852,-0.0436321719446235,-738.82,1.62751e-27,-24.45,0.0260786,11,0.393038188705,0.31446525,0.46414925,0.409332765957,0.280055,0.41920129771,0.48136919,0.37221,0.336308919753,0.2220186,0.407037228464,8,20.25,162,0.223140495868,100,0.137741046832,1.05922865014,-2.24210526316,-1.61951219512,3.76585365854,5,0.662,NA,NA,-0.5915,-0.354300623718,-0.915,0.8305,1.1203,18.9378129298,21.876,21.2225,28.038,25.383,82,0.156489,85,0.162214,4,0.100000,5,0.125000,39,42,3,4,18,19,5,267,0.367768595041,25,0.034435261708,1,726,79388.456,5.51849365234,0.0743801652893,1.625,0.288282811897,0.482937684685,0.268461473942,0.382229095823,0.591171627784,0.674939185283,0.615127693001,0.0530593097459,0.512633289332,0.725080640217,0.978253699383,189,0.0979550595128,1,0.0717002237136,1,0.148210290828,1,0.0661553211889,0.01655366,0.4275826,0.19599185,0.2774179,0.49105914718,-0.0339683433567,0.266666666667,0.433333333333,0.566666666667,0.7
TM0357|AE000512.1:376401-,0.177,48.5436782837,0.394,0.083,0.2556583,-3.1989051878881,-0.0477448535505687,-52.44,0.000739332,-24.44,0.00612015,0,0.453133044118,0.3643825,0.54850725,0.535362464286,0.3398895,0.61355165,0.3026546,0.401947666667,0.39557245,0.61355165,0.61355165,2,20.0,40,0.588235294118,5,0.0735294117647,0.520588235294,-2.20526315789,0.914634146341,1.66585365854,20,1.4875,1.50526315789,1.50526315789,-0.4545,-0.48025,-2.143,-1.0635,-0.114,17.9763768116,17.952,19.2805,13.082,20.462,9,0.450000,1,0.050000,2,0.250000,0,0.000000,9,1,1,0,1,0,20,20,0.294117647059,5,0.0735294117647,1,68,7711.1641,10.5178833008,0.191176470588,1.5,0.422866117623,0.562643715156,0.422866117623,0.467232474265,0.627417314532,0.712123728142,0.610365057019,0.247345729759,0.528603732285,0.693713129979,0.898220740841,7,0.0670801979527,1,0.0636465324385,1,0.0687919463087,1,0.0990731863215,0.07552821,0.3954195,0.1827188,0.2473267,0.400966183575,-0.211202909464,0.2,0.366666666667,0.433333333333,0.533333333333
TM0402|AE000512.1:422169-,0.209,55.1661911011,0.507,0.104,0.2506586,-32.3587386545464,-0.0745593056556367,-470.83,3.62724e-17,-34.56,0.0678126,0,0.353946537931,0.293259,0.408773,0.362629836634,0.313908889908,0.41973288172,0.596165,0.434020972222,0.332660492958,0.3210678,0.327074661017,9,23.6666666667,213,0.513253012048,9,0.0206896551724,-0.252643678161,-2.38421052632,-1.78048780488,2.10731707317,20,0.551,0.535263157895,0.553684210526,-0.356666666667,-0.291324278199,0.035,0.633444444444,0.843333333333,17.4252981651,15.9465,14.2335,11.872,11.364,17,0.182796,13,0.139785,9,0.082569,12,0.110092,7,9,5,6,0,2,20,36,0.0867469879518,59,0.142168674699,1,435,46426.7648,6.59356689453,0.140229885057,3.0,0.792085189983,0.636693773727,0.380805291338,0.568782498553,0.701745480369,0.87024464146,0.663373574496,0.017731122692,0.584359001517,0.777902787855,0.985885523528,124,0.100665974343,1,0.0912751677852,1,0.0788590604027,0,0.0338766379035,0.01655366,0.4120348,0.191840375,0.2752808,0.508409785933,0.000164543474064,0.3,0.466666666667,0.566666666667,0.7
TM0407|AE000512.1:425861-,0.161,47.4514808655,0.445,0.062,0.2383702,-0.151828855009254,-0.000954898459177698,-127.91,1.07764e-08,-28.34,0.0138419,0,0.36430076875,0.2974205,0.38826975,0.401690605263,0.3157817,0.414707106061,0.365802966667,0.6414898125,0.330471869048,0.3436846,0.365802966667,4,21.0,84,0.525,30,0.1875,0.615625,-2.17894736842,-1.4756097561,1.5487804878,5,0.84,NA,NA,-0.633888888889,-0.464433760684,-0.096,-0.029,0.870333333333,18.051552795,20.59775,21.525,20.5,20.071,16,0.242424,11,0.166667,0,0.000000,2,0.200000,6,4,0,1,6,4,5,30,0.1875,5,0.03125,1,160,18266.2364,9.39556884766,0.1625,2.0,0.414715753158,0.514119939882,0.126715235301,0.373339482936,0.689516400844,0.877220418133,0.593140894881,0.0718752568519,0.482570868683,0.720396862411,0.975988715396,30,0.0776909353496,1,0.0540268456376,0,0.0486577181208,0,0.0594439117929,0.03343177,0.3954195,0.1891483,0.2579034,0.399585921325,-0.213918217865,0.233333333333,0.333333333333,0.433333333333,0.6
TM0417|AE000512.1:434789-,0.199,51.3389358521,0.386,0.07,0.2463055,-9.52991432786643,-0.035036449734803,-235.06,6.06108e-14,-28.02,0.0167984,1,0.326128970696,0.28221,0.369173,0.344867207547,0.32380647619,0.375723627907,0.3011416,0.26585,0.314235239521,0.390504909091,0.332916032258,8,20.875,167,0.611721611722,5,0.018315018315,0.214285714286,-2.45263157895,-1.48780487805,1.51707317073,11,1.88272727273,NA,NA,-0.104090909091,-0.32052738896,0.235,-0.104875,0.412,18.2955839416,19.55325,19.6215,16.634,13.217,17,0.395349,5,0.116279,8,0.126984,13,0.206349,7,2,3,8,1,0,11,20,0.0732600732601,31,0.113553113553,1,273,30855.2857,9.22039794922,0.153846153846,1.875,0.7742570803,0.671603897059,0.412711827757,0.600869486837,0.766536893956,0.866797504191,0.637851493202,0.256538509765,0.555369877401,0.733834811056,0.970864487843,44,0.0844333275548,1,0.0646532438479,1,0.0596196868009,1,0.184403962927,0.01655366,0.4120348,0.1908053,0.2779298,0.414841849148,-0.183906132125,0.233333333333,0.366666666667,0.466666666667,0.6
TM0463|AE000512.1:c492551,0.150,53.1820411682,0.453,0.081,0.2177607,-10.432833651928,-0.0563936954158271,-177.86,5.75782e-07,-33.84,0.0264087,0,0.405143876344,0.28223525,0.556125,0.444589168,0.30161190411,0.64530725,0.314773462963,0.6714308125,0.324313360656,0.3318245,0.314773462963,3,20.3333333333,61,0.327956989247,54,0.290322580645,0.874731182796,-2.35789473684,-0.907317073171,4.01951219512,4,0.84,NA,NA,-0.892631578947,-0.311432748538,-2.167,-0.245333333333,0.198333333333,18.0582887701,17.84975,20.1785,26.828,21.516,11,0.211538,13,0.250000,9,0.123288,5,0.068493,9,13,7,3,7,3,4,48,0.258064516129,54,0.290322580645,1,186,20865.2389,8.00970458984,0.112903225806,3.33333333333,0.668375813954,0.573299734014,0.410163609052,0.486388400409,0.666409747212,0.813811686372,0.626136271108,0.1508404853,0.530612307391,0.74140369541,0.960592087648,43,0.0866039295788,1,0.0758389261745,1,0.0664429530201,1,0.105465004794,0.03343177,0.3954195,0.1897863,0.2641208,0.442067736185,-0.130346252609,0.3,0.4,0.5,0.633333333333
TM0502|AE000512.1:c529569,0.144,47.4011268616,0.531,0.097,0.2304472,-26.0230306208035,-0.0834071494256522,-315.94,1.95221e-13,-28.41,0.045026,0,0.366141658147,0.281415,0.435079,0.370313166667,0.429792,0.265981442623,0.255867,0.327635571429,0.361308462069,0.468711459459,0.468711459459,7,20.7142857143,145,0.463258785942,19,0.0607028753994,0.2,-2.46842105263,-1.46097560976,2.23902439024,74,0.511486486486,0.0473684210526,1.27052631579,-0.5975,-0.317939162076,-1.734,0.372,0.647894736842,17.0041401274,16.7765,17.6995,26.63,20.832,11,0.180328,10,0.163934,15,0.140187,10,0.093458,3,3,11,6,5,2,74,20,0.0638977635783,74,0.23642172524,1,313,34746.0565,9.45550537109,0.11821086262,3.14285714286,0.472608435538,0.521988740797,0.187820747263,0.460362257174,0.641328754938,0.714591355022,0.63239938814,0.0302957230379,0.524328163388,0.756335831829,0.989985754653,64,0.0803786587252,1,0.0587248322148,1,0.061744966443,1,0.0504953659316,0.01655366,0.4120348,0.187403925,0.27552145,0.495753715499,-0.0247329963802,0.166666666667,0.466666666667,0.566666666667,0.766666666667
TM0503|AE000512.1:c530524,0.180,49.6094436646,0.528,0.1,0.2514136,-22.8353470664554,-0.066381822867603,-337.29,2.31637e-16,-22.34,0.00523998,2,0.356885289855,0.297641,0.425314,0.367391446237,0.363471238806,0.377493519231,0.39483875,0.312007,0.314714221311,0.262629454545,0.369844191176,5,24.4,122,0.396103896104,68,0.197101449275,0.431304347826,-2.5,-1.21707317073,2.63414634146,11,0.916363636364,NA,NA,-0.330454545455,-0.39334019684,-0.817,-0.2396,0.596323529412,18.1454624277,18.13325,17.2695,20.306,16.968,16,0.307692,6,0.115385,18,0.134328,16,0.119403,9,4,10,9,10,9,11,34,0.11038961039,68,0.220779220779,1,345,38928.8692,9.53887939453,0.121739130435,2.8,0.247519835503,0.383338623498,0.172071221956,0.318417935651,0.458409211851,0.519147811942,0.643013966,0.191033526929,0.547127644315,0.741691750532,0.966498400744,57,0.0750908225227,1,0.0489932885906,1,0.0989932885906,1,0.0693512304251,0.01655366,0.4120348,0.187403925,0.2752808,0.477842003854,-0.0599696487743,0.266666666667,0.433333333333,0.533333333333,0.7
TM0532|AE000512.1:556970-,0.231,47.1187133789,0.611,0.107,0.2637863,-12.0337701093163,-0.0376055315916133,-341.55,4.45554e-14,-30.26,0.0674973,0,0.309379239875,0.263231,0.353122,0.291299834254,0.289156761062,0.294861117647,0.248385625,0.379418571429,0.332753328571,0.288725220588,0.288725220588,6,23.3333333333,140,0.436137071651,8,0.0249221183801,0.247663551402,-2.3,-1.52682926829,2.30975609756,68,0.543382352941,0.0131578947368,1.10157894737,-0.714210526316,-0.339758876893,-0.832,0.193,0.39625,18.0147204969,17.41625,15.513,16.048,15.386,16,0.235294,8,0.117647,14,0.123894,13,0.115044,8,5,9,10,3,0,68,42,0.130841121495,68,0.211838006231,1,321,36199.8045,8.90435791016,0.130841121495,2.33333333333,0.46288922269,0.528959780842,0.292126146556,0.412547193773,0.633322587365,0.73430652416,0.624228260115,0.119282648216,0.528442897425,0.730782923053,0.995266848544,60,0.0777387389283,1,0.0753914988814,1,0.0856823266219,1,0.183125599233,0.01655366,0.4120348,0.1854725,0.275619925,0.498964803313,-0.018416012982,0.266666666667,0.466666666667,0.533333333333,0.7
TM0538|AE000512.1:c563744,0.237,46.4046783447,0.583,0.089,0.2530966,-12.5384633949422,-0.0443055243637532,-262.82,2.37441e-13,-40.33,0.0371671,0,0.392134433099,0.34015425,0.43929825,0.42322893125,0.366241761905,0.431838503597,0.425425333333,0.426089941748,0.3520125,0.428145,0.426089941748,6,20.6666666667,124,0.43661971831,6,0.0211267605634,0.934154929577,-1.98421052632,-0.978048780488,3.39024390244,5,0.558,NA,NA,-0.16,-0.253122315593,2.736,2.30816666667,0.871666666667,18.9884210526,19.16775,21.4175,25.81,21.086,35,0.251799,27,0.194245,4,0.190476,2,0.095238,22,24,2,1,3,0,5,103,0.362676056338,11,0.0387323943662,1,284,32204.5681,6.83782958984,0.0880281690141,1.16666666667,0.335489474746,0.484171035235,0.203972341294,0.399880720985,0.592510295736,0.637845374958,0.593808358243,0.0579496312895,0.489572874411,0.703289649542,0.993584555626,49,0.0713741729735,1,0.110402684564,1,0.0702460850112,1,0.0667945030361,0.01655366,0.4120348,0.1877013,0.2758042,0.461988304094,-0.0911576959393,0.2,0.4,0.533333333333,0.733333333333
TM0543|AE000512.1:c568356,0.222,52.9996490479,0.537,0.091,0.2723768,-24.992664357488,-0.0608094023296545,-397.63,5.0375e-17,-32.38,0.00155772,2,0.398419786408,0.33862175,0.45897025,0.409075883268,0.399715965686,0.445102735849,0.379348272727,0.28677735,0.380751290323,0.42397903125,0.42397903125,7,22.1428571429,155,0.376213592233,11,0.0266990291262,0.311650485437,-2.43684210526,-1.30243902439,2.53658536585,160,0.663625,-0.00105263157895,1.67894736842,-0.133333333333,-0.397893926249,-0.303,-0.201,0.907272727273,19.7253510896,22.443,22.443,18.822,20.832,12,0.226415,7,0.132075,26,0.127451,24,0.117647,5,4,20,20,4,1,160,20,0.0485436893204,160,0.388349514563,1,412,45291.5229,9.08551025391,0.0898058252427,2.42857142857,0.613492258688,0.628537464295,0.400198800292,0.551003059387,0.756262501037,0.826726287701,0.619064737583,0.0814340760254,0.526444091651,0.72013492827,0.975499635744,70,0.0740110219894,1,0.0843400447427,1,0.125391498881,0,0.00607222754874,0.01655366,0.4120348,0.1935348,0.2772851,0.464891041162,-0.0854473127495,0.266666666667,0.433333333333,0.5,0.666666666667
TM0561|AE000512.1:591673-,0.210,51.4020347595,0.524,0.064,0.2760062,-14.6607227017645,-0.0418877791478987,-310.58,1.64999e-15,-25.55,0.00227967,3,0.342040421652,0.2648195,0.388987,0.356172773463,0.227870727273,0.360908755034,0.363539578767,0.232875333333,0.238066690476,0.227870727273,0.363539578767,2,21.0,42,0.119658119658,292,0.831908831909,1.7207977208,-2.17894736842,-0.748780487805,3.97073170732,11,0.584545454545,NA,NA,-0.468571428571,-0.468333333333,-0.216,-0.647,0.74551369863,19.1502272727,18.962,16.155,20.108,20.909,50,0.167785,53,0.177852,2,0.181818,2,0.181818,46,53,2,2,46,53,11,292,0.831908831909,11,0.031339031339,1,351,41445.6927,5.40582275391,0.116809116809,3.0,0.536022439603,0.609311843322,0.342097474403,0.490551790071,0.718916193581,0.883402973332,0.605730620576,0.0916445116742,0.525592075693,0.704177802227,0.946458843082,80,0.0856714293956,1,0.115100671141,1,0.032774049217,1,0.155001597955,0.01655366,0.4120348,0.18919945,0.2744954,0.444128787879,-0.126291667346,0.266666666667,0.4,0.5,0.633333333333
TM0592|AE000512.1:c626416,0.163,46.6470603943,0.667,0.134,0.2526801,-18.6648817141454,-0.0868134033216064,-248.31,2.83388e-08,-44.91,0.0233922,0,0.335780328704,0.284186,0.3769525,0.335344161074,0.34296975969,0.28615905,0.395721045455,0.250811666667,0.336750313433,0.315079636364,0.332123700935,3,22.3333333333,67,0.310185185185,22,0.101851851852,0.128240740741,-2.2,-0.865853658537,1.00731707317,11,0.389090909091,NA,NA,-0.229130434783,-0.285164690382,-1.436,0.255333333333,0.139545454545,18.4135023041,20.183,23.791,23.586,24.075,6,0.300000,1,0.050000,12,0.093023,10,0.077519,3,0,10,8,2,2,11,11,0.0509259259259,107,0.49537037037,1,216,23740.0451,9.76959228516,0.111111111111,3.33333333333,0.608367218063,0.545479625125,0.324209100593,0.41516972568,0.661776621896,0.859092576594,0.6469129363,0.164812096049,0.572475588346,0.727990232921,0.995835646853,46,0.0897990758745,1,0.0713646532438,1,0.0902684563758,1,0.0795781399808,0.03343177,0.4120348,0.1944761,0.267894,0.542242703533,0.0667220439833,0.366666666667,0.5,0.6,0.733333333333
TM0632|AE000512.1:c667151,0.217,50.8289299011,0.528,0.063,0.2802825,2.67621814947222,0.00657547456872781,-324.66,4.97628e-18,-21.31,0.0201805,4,0.381285992647,0.31511225,0.4281095,0.390744440252,0.400534449735,0.376400937984,0.357210421053,0.414335283019,0.347866144444,0.328837272727,0.414335283019,4,22.5,90,0.220588235294,19,0.046568627451,1.55980392157,-2.31578947368,-1.19024390244,4.06829268293,11,1.14272727273,NA,NA,-0.602173913043,-0.564671767735,-1.402,-0.8315,-0.378421052632,18.6073838631,17.60075,19.612,26.202,23.39,23,0.178295,25,0.193798,39,0.206349,22,0.116402,23,22,37,19,0,1,11,118,0.289215686275,159,0.389705882353,1,408,48096.3224,9.49786376953,0.129901960784,1.75,0.555927386738,0.509699451234,0.285352461954,0.452592359859,0.571677825779,0.714359079475,0.590270026819,0.0173056737637,0.477784697309,0.701575204231,0.996464592028,65,0.0673069505516,1,0.0559284116331,0,0.024384787472,0,0.0137424097156,0.01655366,0.4120348,0.1939201,0.2775507,0.435207823961,-0.143841352759,0.266666666667,0.366666666667,0.5,0.6
TM0676|AE000512.1:703764-,0.218,51.5749588013,0.496,0.094,0.2527489,-23.4858921765396,-0.0899842612127954,-264.43,7.93741e-11,-34.64,0.0366238,2,0.433584946565,0.363798,0.4901235,0.457186458101,0.38995825,0.465642836478,0.419432,0.482359622951,0.370729921875,0.455237489796,0.455237489796,3,21.3333333333,64,0.263374485597,9,0.0343511450382,0.953435114504,-2.44210526316,-1.75853658537,2.99756097561,98,0.935714285714,0.448947368421,1.56842105263,-0.256363636364,-0.216406926407,1.679,1.58,0.417777777778,20.5260076046,19.3195,19.4665,23.704,24.016,26,0.163522,33,0.207547,1,0.050000,3,0.150000,14,22,1,2,0,1,98,98,0.40329218107,11,0.0452674897119,1,262,28609.333,4.77667236328,0.0534351145038,3.0,0.434800837128,0.587501702955,0.120142554669,0.451990320443,0.829514212082,0.98201381191,0.631018542594,0.142562054054,0.543900276948,0.731472900545,0.980562145865,61,0.090758905524,1,0.107494407159,1,0.0695749440716,1,0.162032598274,0.01655366,0.4120348,0.1897863,0.27565665,0.48288973384,-0.0500395477073,0.233333333333,0.433333333333,0.533333333333,0.7
TM0698|AE000512.1:c721038,0.200,56.7301406860,0.485,0.09,0.2497793,-10.5082343373924,-0.0423719126507758,-196.72,2.59798e-11,-28.03,0.0118658,0,0.372592578313,0.312837,0.435703,0.37466195082,0.36595216,0.414251909091,0.473827,0.229421,0.344397173469,0.441521454545,0.331548654762,4,24.5,98,0.445454545455,15,0.0602409638554,0.166666666667,-2.36315789474,-1.82195121951,2.9512195122,11,0.583636363636,NA,NA,-0.598064516129,-0.394229765396,-2.934,0.1365,1.14133333333,19.18896,16.1855,17.845,12.418,18.139,3,0.136364,0,0.000000,12,0.120000,17,0.170000,2,0,10,12,1,5,11,11,0.05,84,0.381818181818,1,249,28167.5588,5.28118896484,0.104417670683,1.75,0.437312341691,0.603242131262,0.291653421053,0.430986997307,0.73460555936,0.895995463125,0.577455571811,0.0357922395517,0.461120484397,0.722639934094,0.987579439222,26,0.0535644739106,1,0.0635346756152,0,0.0171140939597,1,0.0450623202301,0.01655366,0.4120348,0.193697025,0.275337875,0.445333333333,-0.123922036217,0.266666666667,0.4,0.5,0.633333333333
TM0773|AE000512.1:800410-,0.160,53.1831932068,0.638,0.054,0.2686996,-1.65290209852896,-0.0229569735906801,-68.22,0.000177813,-44.09,0.00920854,0,0.370482520548,0.30087,0.416234,0.327078275862,0.304926,0.3691676,0.269845166667,0.51815125,0.399089863636,0.304926,0.304926,2,22.0,44,0.602739726027,6,0.0821917808219,-0.479452054795,-2.77368421053,-0.885365853659,0.143902439024,19,0.773157894737,0.773157894737,0.773157894737,-0.6945,-0.765166666667,-3.573,-3.1145,-0.0716666666667,18.68,20.19325,19.271,18.86,19.973,2,0.200000,0,0.000000,5,0.263158,2,0.105263,0,0,5,2,0,0,19,6,0.0821917808219,19,0.260273972603,1,73,8423.4987,10.6204223633,0.150684931507,1.5,0.981601334541,0.803071913166,0.618978518053,0.673241033796,0.886624417227,0.988898510529,0.613109159836,0.292884550096,0.480885210064,0.745016658677,0.988897704853,10,0.0691621766393,1,0.062192393736,1,0.0430648769575,1,0.0457015020773,0.07552821,0.3954195,0.18087365,0.248473375,0.436936936937,-0.140439770929,0.266666666667,0.366666666667,0.466666666667,0.666666666667
TM0819|AE000512.1:843841-,0.192,45.3875770569,0.576,0.114,0.2560102,-34.0444953471042,-0.0855389330329251,-439.98,2.5962e-19,-41.72,0.00204902,0,0.354148446115,0.3127765,0.3995755,0.3592808,0.37608385,0.331275716667,0.195945,0.34821225,0.350712560669,0.4327892,0.377504515625,11,21.7272727273,239,0.598997493734,11,0.0275689223058,-0.495238095238,-2.14210526316,-1.75609756098,0.853658536585,5,0.786,NA,NA,-0.3852,-0.268717063215,-0.661,0.209545454545,0.829090909091,18.14565,19.87025,19.6995,22.218,21.299,6,0.100000,7,0.116667,14,0.140000,12,0.120000,2,1,6,6,1,2,5,20,0.0501253132832,64,0.160401002506,1,399,41844.709,9.17547607422,0.0952380952381,3.36363636364,0.62547571867,0.577479202373,0.377835139396,0.500262051889,0.632709177101,0.797661013026,0.655216275478,0.24738277837,0.577222149517,0.736383934421,0.950672189107,96,0.0900884147888,1,0.0552572706935,1,0.0934004474273,0,0.0313199105145,0.01655366,0.4120348,0.194051,0.276995725,0.528333333333,0.0393589615236,0.333333333333,0.466666666667,0.6,0.7
TM0860|AE000512.1:883686-,0.170,51.4728317261,0.460,0.102,0.2623963,-1.98958249512735,-0.00428789330846411,-452.56,7.30702e-20,-32.43,0.0101053,6,0.35349023871,0.306167,0.397073,0.364222045593,0.361276512635,0.379912673077,0.437350857143,0.366090571429,0.308446472222,0.329847909091,0.364400041199,5,21.6,108,0.247139588101,267,0.574193548387,0.989462365591,-2.24210526316,-1.49756097561,3.38536585366,11,0.220909090909,NA,NA,-0.333684210526,-0.194674591221,-0.625,0.6706,0.713333333333,18.428304721,17.0355,17.2895,11.482,9.607,9,0.173077,7,0.134615,38,0.137184,39,0.140794,3,3,37,39,37,39,11,21,0.0480549199085,267,0.610983981693,1,465,50931.1587,8.95709228516,0.0838709677419,2.4,0.325728853512,0.531780937579,0.176219396255,0.432404555707,0.649316887512,0.72341991645,0.613975981252,0.0131438964073,0.501554435299,0.727724064397,0.978877716226,110,0.0877749914235,1,0.0685682326622,1,0.0963087248322,0,0.00671140939597,0.01655366,0.4246445,0.19553725,0.2767282,0.475679542203,-0.0642237318569,0.233333333333,0.4,0.533333333333,0.766666666667
TM0861|AE000512.1:885080-,0.203,47.5770721436,0.572,0.107,0.2709358,-3.17709474796025,-0.0108804614656173,-279.34,2.45362e-10,-27.78,0.00157481,2,0.359612426621,0.278045,0.44387,0.400750083832,0.410501754386,0.379774792453,0.409856181818,0.2875018,0.305088706349,0.423031884615,0.423031884615,6,21.0,126,0.430034129693,11,0.037542662116,0.649829351536,-2.43157894737,-1.57804878049,3.09024390244,104,0.925384615385,0.422631578947,1.68947368421,-0.508,-0.351492040708,-1.5,0.341333333333,1.10181818182,18.441292517,18.48425,20.2365,26.748,23.273,14,0.264151,4,0.075472,15,0.131579,20,0.175439,7,2,14,19,3,2,104,31,0.105802047782,104,0.354948805461,1,293,32715.9433,9.19537353516,0.109215017065,1.5,0.395977140946,0.565175355147,0.36919110471,0.51317559571,0.628311318572,0.709175310242,0.631019510849,0.0821432470375,0.535741306775,0.732259085889,0.97707362876,52,0.0806137902934,1,0.0519015659955,1,0.096644295302,1,0.233940556088,0.01655366,0.4120348,0.18708365,0.275582875,0.463718820862,-0.0877533525115,0.266666666667,0.4,0.533333333333,0.666666666667
TM0880|AE000512.1:c902244,0.158,47.7964363098,0.480,0.093,0.2323241,-25.3321538932418,-0.0661413939771327,-344.07,1.46657e-16,-25.89,0.0108153,0,0.387679734375,0.314804,0.44141225,0.426438616766,0.43528808642,0.418103651163,0.373001714286,0.353708,0.357851470046,0.3148158,0.515646702128,10,21.7,217,0.565104166667,28,0.0729166666667,-0.16796875,-2.33157894737,-1.7243902439,2.2512195122,5,1.752,NA,NA,-0.404,-0.271303150553,-1.07,1.1954,0.191785714286,18.1757142857,20.954,23.849,26.592,27.861,16,0.186047,8,0.093023,14,0.172840,9,0.111111,3,1,8,5,3,1,5,28,0.0729166666667,47,0.122395833333,1,384,41115.8614,9.64398193359,0.09375,3.1,0.245347693097,0.48550262876,0.0652648547155,0.229662988733,0.786537892134,0.914464770568,0.57988492572,0.0500014332284,0.470516493344,0.697798947499,0.983096468565,60,0.06266910292,0,0.0215883668904,0,0.0197986577181,0,0.00703100031959,0.01655366,0.4120348,0.1931972,0.2750736,0.47012987013,-0.0751412739443,0.266666666667,0.4,0.533333333333,0.666666666667
TM0909|AE000512.1:c927826,0.197,53.2732238770,0.504,0.093,0.2813272,-22.1208264697366,-0.0593051647982215,-354.76,2.75714e-15,-37.88,0.0068037,4,0.377142237968,0.30009525,0.4099535,0.389428311644,0.303795157895,0.410198906383,0.540732053571,0.369937763889,0.333391829268,0.321121551724,0.369937763889,4,20.5,82,0.219251336898,56,0.149732620321,1.5692513369,-2.49473684211,-1.01463414634,4.56341463415,29,0.84275862069,0.307894736842,1.10578947368,-0.251818181818,-0.235789473684,0.331,0.37525,1.05375,19.328,19.01125,19.0945,23.314,21.712,46,0.195745,36,0.153191,4,0.070175,14,0.245614,27,23,2,8,12,10,29,144,0.385026737968,29,0.0775401069519,1,374,43011.7914,6.90008544922,0.0989304812834,1.75,0.415902924569,0.46932301859,0.352640110255,0.421825100057,0.514287898651,0.595792529008,0.631311723637,0.160096214528,0.529760506469,0.741354747345,0.97602668653,78,0.0899184527676,0,0.0835570469799,1,0.138031319911,1,0.0629594119527,0.01655366,0.4120348,0.191296,0.2752808,0.459555555556,-0.0959434984518,0.2,0.433333333333,0.5,0.633333333333
TM0955|AE000512.1:c972472,0.135,50.5746383667,0.332,0.07,0.2154351,-18.162425553042,-0.0550376531910364,-307.03,1.47932e-14,-30.09,0.0642781,0,0.319243731118,0.2555515,0.382667,0.328110328125,0.299462705882,0.347084727273,0.43214315,0.244878444444,0.313652970443,0.209198090909,0.335606466667,10,20.3,203,0.61329305136,20,0.0604229607251,-0.232628398792,-2.11052631579,-1.3756097561,1.0756097561,11,-0.111818181818,NA,NA,-0.6485,-0.228323777239,-1.298,1.3799,0.549,16.159186747,15.18925,15.0425,16.79,17.181,16,0.207792,6,0.077922,6,0.117647,4,0.078431,6,1,3,2,5,1,11,30,0.0906344410876,19,0.0574018126888,1,331,35066.2991,10.0803833008,0.105740181269,3.0,0.696942410691,0.575871908706,0.407226929519,0.523570463875,0.63877571034,0.707401407264,0.619476386213,0.0854121006178,0.530344220159,0.728930930964,0.988795557709,65,0.0800201274284,0,0.0159955257271,1,0.0630872483221,0,0.0338766379035,0.01655366,0.4120348,0.185108675,0.274910675,0.431726907631,-0.150689153861,0.233333333333,0.366666666667,0.466666666667,0.6
TM0965|AE000512.1:982641-,0.155,47.4503211975,0.447,0.088,0.2415125,-11.2023677542602,-0.0448094710170408,-244.91,2.63934e-11,-25.60,0.020464,1,0.416065844622,0.356292,0.472898,NA,NA,NA,NA,NA,NA,NA,NA,0,NA,NA,NA,251,1.0,1.35498007968,-1.63157894737,-1.04390243902,3.55609756098,NA,NA,NA,NA,NA,NA,NA,NA,0.681235059761,18.3592460317,21.476,23.2525,27.53,22.317,NA,NA,NA,NA,32,0.127490,36,0.143426,NA,NA,32,36,32,36,NA,0,0.0,251,1.0,1,251,27296.2785,5.24053955078,0.0677290836653,0.0,0.469866906221,0.547371435342,0.28156382671,0.41935766706,0.655578124041,0.801083318058,0.609070200217,0.137732527587,0.505146004751,0.711788074538,0.996233019823,69,0.103078982597,1,0.0973154362416,1,0.109619686801,NA,NA,0.01655366,0.4120348,0.192139325,0.27508445,0.464285714286,-0.0866381365611,0.233333333333,0.433333333333,0.533333333333,0.766666666667
TM1016|AE000512.1:1034702,0.179,52.3167648315,0.449,0.089,0.2585233,-4.44891025237894,-0.0322384800897025,-119.05,4.95172e-07,-34.09,0.0208173,0,0.362201280576,0.303413,0.42604,0.340968188679,0.34813992,0.334564857143,0.380269363636,0.276894272727,0.375286790698,0.3047535,0.3047535,4,21.5,86,0.618705035971,11,0.0791366906475,-0.360431654676,-2.45789473684,-1.19756097561,0.570731707317,14,0.44,NA,NA,-0.560434782609,-0.460033780102,-0.632,-0.3125,0.723636363636,18.6649285714,17.235,18.9485,22.806,24.739,10,0.357143,3,0.107143,3,0.120000,3,0.120000,3,1,2,2,3,1,14,11,0.0791366906475,14,0.10071942446,1,139,15466.5149,9.99017333984,0.143884892086,1.5,0.526047103384,0.548367960479,0.195722410078,0.376093794597,0.757903576249,0.892747220221,0.599564071081,0.047601334887,0.47938538413,0.749318279774,0.96804163844,27,0.0721925570307,1,0.0853467561521,1,0.134228187919,1,0.0933205496964,0.03343177,0.3954195,0.1902001,0.257507725,0.433333333333,-0.147528927457,0.2,0.4,0.5,0.633333333333
TM1065|AE000512.1:c107930,0.172,46.2056999207,0.476,0.064,0.2284854,-30.4691974090613,-0.0832491732488013,-368.32,1.76877e-14,-30.10,0.0076427,1,0.32340633515,0.27683,0.359672,0.31191023348,0.301178838235,0.327948362637,0.325512821429,0.359903642857,0.342046442857,0.281667482143,0.281667482143,6,23.3333333333,140,0.381471389646,28,0.0762942779292,0.516621253406,-2.37368421053,-1.25609756098,2.65365853659,112,0.544642857143,0.0968421052632,1.23263157895,-0.443913043478,-0.336882105068,-1.843,-0.2205,0.753571428571,16.4399456522,18.572,22.022,18.82,21.651,19,0.208791,12,0.131868,22,0.161765,13,0.095588,8,4,21,12,9,3,112,38,0.103542234332,112,0.305177111717,1,367,42127.1796,9.37750244141,0.158038147139,3.5,0.412484878771,0.510430474657,0.0523073903185,0.482259179747,0.594041579823,0.696225912489,0.656661427408,0.0875450418887,0.564304341124,0.760436525804,0.98062545602,104,0.0949526523858,1,0.165995525727,0,0.0224832214765,1,0.0866091403004,0.01655366,0.4120348,0.19028635,0.275229,0.442934782609,-0.128640563391,0.2,0.4,0.5,0.666666666667
TM1066|AE000512.1:c108041,0.129,51.7228507996,0.349,0.052,0.226442,-18.1516838037484,-0.0556800116679398,-270.15,2.70949e-14,-16.30,0.00209441,0,0.33315095107,0.29784,0.369077,0.333186522222,0.337487090909,0.324366711864,0.291681375,0.334064571429,0.333107394558,0.32295771831,0.32295771831,6,24.5,147,0.449541284404,8,0.0244648318043,-0.114067278287,-2.5,-1.6,1.74390243902,71,0.456478873239,-0.149473684211,1.25473684211,-0.761428571429,-0.487887278583,-1.925,-0.433333333333,-0.01125,16.2987804878,14.439,14.107,24.406,18.725,12,0.203390,7,0.118644,14,0.115702,11,0.090909,7,4,9,8,2,0,71,33,0.100917431193,71,0.217125382263,1,327,36732.3509,8.87298583984,0.134556574924,2.83333333333,0.618896968225,0.536713322066,0.397611964894,0.459765772275,0.596266866414,0.688899441914,0.62210522635,0.287155138103,0.530100712867,0.717147170936,0.963842916732,50,0.0688831526415,1,0.0206935123043,1,0.0782997762864,1,0.118568232662,0.01655366,0.4120348,0.18478225,0.274910675,0.389227642276,-0.234295448443,0.133333333333,0.333333333333,0.433333333333,0.633333333333
TM1087|AE000512.1:1103110,0.196,50.8829841614,0.505,0.084,0.247541,-20.6251072714012,-0.0933262772461592,-204.06,1.08838e-11,-22.41,0.0381809,0,0.288537292793,0.23763075,0.3398435,0.291368752577,0.311595372549,0.268943586957,0.348762,0.1718394,0.28634008,0.308490885714,0.308490885714,6,20.8333333333,125,0.563063063063,14,0.0630630630631,-0.24009009009,-1.93684210526,-1.6243902439,1.24634146341,35,0.346,0.0352631578947,0.730526315789,-0.42,-0.415962591756,-0.162,0.778166666667,0.42,17.308161435,16.2145,12.8275,15.894,15.854,11,0.239130,5,0.108696,6,0.117647,4,0.078431,3,1,5,4,3,1,35,14,0.0630630630631,35,0.157657657658,1,222,25928.507,9.04644775391,0.211711711712,2.5,0.50214585126,0.516974990537,0.333716590236,0.440552964879,0.58631753652,0.790447320438,0.638952928694,0.0954994702294,0.555623036118,0.752484350046,0.988141991408,43,0.0784523083181,1,0.0628635346756,1,0.081096196868,0,0.00607222754874,0.03343177,0.4120348,0.194607,0.26904365,0.457399103139,-0.100185759924,0.266666666667,0.4,0.533333333333,0.733333333333
TM1089|AE000512.1:1104901,0.195,51.4077110291,0.537,0.089,0.2463575,-39.7231149626873,-0.0804111638920795,-503.34,3.36364e-20,-23.97,0.0181387,3,0.324403660606,0.270818,0.3682775,0.330520662338,0.33432569697,0.327666886364,0.312780818182,0.209860333333,0.319051284091,0.2337842,0.323688290909,12,22.0,264,0.533333333333,11,0.0222222222222,-0.164242424242,-2.3,-1.4756097561,2.51951219512,5,0.92,NA,NA,-0.85125,-0.289700434914,-2.227,1.03258333333,0.378181818182,18.057641129,18.23525,16.741,22.178,17.59,30,0.227273,15,0.113636,7,0.070707,10,0.101010,12,6,3,4,3,0,5,55,0.111111111111,43,0.0868686868687,1,495,54746.3716,9.10797119141,0.137373737374,3.16666666667,0.75431505564,0.570096476246,0.349915401663,0.41300207439,0.700883018501,0.89041435727,0.630606518904,0.0859466308153,0.540424790764,0.744201292338,0.985267726093,120,0.0873753806082,0,0.0267337807606,1,0.0356823266219,1,0.115372323426,0.01655366,0.4246445,0.194876425,0.2768002,0.481182795699,-0.0533975062953,0.2,0.433333333333,0.533333333333,0.7
TM1109|AE000512.1:1122806,0.203,52.0001449585,0.572,0.09,0.2737108,-36.8660251505821,-0.154251151257666,-236.54,3.83632e-09,-33.42,0.0102942,4,0.354669195833,0.32192,0.391504,0.350867954286,0.3375503125,0.35220809434,0.301089181818,0.354014934641,0.364903307692,0.306133666667,0.354014934641,3,21.6666666667,65,0.270833333333,11,0.0458333333333,1.54,-1.75263157895,-1.19024390244,3.90975609756,6,0.113333333333,NA,NA,-0.135,-0.218877192982,0.667,0.193333333333,0.152727272727,19.3875103734,19.77325,16.1955,21.166,18.178,32,0.201258,34,0.213836,2,0.125000,1,0.062500,31,34,2,0,2,0,6,153,0.6375,11,0.0458333333333,1,240,27805.9242,5.67816162109,0.129166666667,1.33333333333,0.856856889557,0.607772254632,0.291309809451,0.472414332334,0.763061707073,0.859282016814,0.6512159728,0.144311239715,0.550733135264,0.763680125681,0.970394199833,58,0.0911492113624,0,0.0329977628635,1,0.0757270693512,1,0.106423777565,0.03343177,0.4120348,0.1973472,0.2770489,0.473029045643,-0.0694378971921,0.233333333333,0.433333333333,0.533333333333,0.766666666667
TM1110|AE000512.1:1123525,0.211,47.6279983521,0.592,0.098,0.2530876,-12.6993447393461,-0.0638158027102819,-203.90,2.02276e-07,-37.55,0.0493048,0,0.313089895,0.26136475,0.34919475,0.310136271429,0.333783363636,0.289045621622,0.263544333333,0.200915166667,0.324852392523,0.312905272727,0.319086565217,5,21.4,107,0.604519774011,23,0.115,0.0545,-2.13157894737,-1.57317073171,1.35853658537,11,1.14636363636,NA,NA,-0.064,-0.327096342305,0.444,-0.139,0.411304347826,18.8554726368,21.769,21.2915,21.166,19.681,9,0.243243,9,0.243243,5,0.151515,2,0.060606,5,6,4,1,4,1,11,20,0.112994350282,23,0.129943502825,1,200,22727.9827,9.01336669922,0.155,2.4,0.772522448575,0.675011313493,0.460678697828,0.627816074625,0.764363047714,0.801305484807,0.631074261434,0.122813560659,0.537994458157,0.75559894761,0.990860458215,40,0.0826497638578,1,0.0872483221477,1,0.0691275167785,1,0.0767018216683,0.03343177,0.3954195,0.1943468,0.2666616,0.484245439469,-0.0473725480958,0.266666666667,0.4,0.533333333333,0.733333333333
TM1121|AE000512.1:1134279,0.185,49.6268310547,0.407,0.059,0.2389652,-13.7060079826831,-0.045534910241472,-247.64,1.41427e-13,-22.57,0.0661071,0,0.315214854305,0.27628775,0.35619575,0.318946314286,0.30734622,0.334413106667,0.3995718,0.1900149,0.31007307874,0.273151,0.273151,6,21.1666666667,127,0.420529801325,20,0.0662251655629,-0.25298013245,-2.62105263158,-1.1,1.11951219512,42,0.0678571428571,-0.134736842105,0.344210526316,-0.827368421053,-0.602073308271,-2.116,-0.775333333333,0.152,17.1232013201,15.63375,15.6285,12.962,13.119,12,0.160000,5,0.066667,12,0.120000,4,0.040000,2,4,6,1,4,0,42,34,0.112582781457,42,0.139072847682,1,302,34525.9066,9.83197021484,0.175496688742,1.0,0.609480509676,0.399575278475,0.00772587117092,0.0862860878744,0.655748707829,0.78907570024,0.55717688034,0.00775154201344,0.453536696354,0.677574638444,0.993692418628,42,0.0531916480239,0,0.0144295302013,1,0.108948545861,1,0.0987535953979,0.01655366,0.4120348,0.18730905,0.2762482,0.412541254125,-0.188431956833,0.233333333333,0.366666666667,0.466666666667,0.666666666667
TM1122|AE000512.1:1135201,0.201,50.7495613098,0.406,0.08,0.24797,-12.6511574166162,-0.0460042087876953,-220.11,7.5195e-13,-23.07,0.0154546,0,0.347997094203,0.3063555,0.37336725,0.358551192308,0.3697116875,0.347728893939,0.34207625,0.4076901,0.338599609589,0.344571029412,0.324743783784,6,24.3333333333,146,0.528985507246,8,0.0289855072464,-0.205072463768,-2.54736842105,-1.50731707317,0.765853658537,34,0.269117647059,-0.207368421053,0.206842105263,-0.59,-0.412459034792,-2.935,0.294666666667,0.89375,17.8584476534,15.10175,14.633,8.278,10.25,17,0.257576,3,0.045455,9,0.140625,5,0.078125,6,3,5,2,4,0,34,37,0.134057971014,34,0.123188405797,1,276,31377.5228,9.99554443359,0.152173913043,2.0,0.477892505698,0.434538805158,0.194272284036,0.303852530621,0.57402399583,0.753971139811,0.577762585233,0.0232333159191,0.467831787921,0.693825247013,0.993813702221,41,0.0609823805092,0,0.0286353467562,0,0.0442953020134,0,0.0632790028763,0.01655366,0.4120348,0.1902738,0.2782508,0.419975932611,-0.173806152964,0.166666666667,0.366666666667,0.466666666667,0.666666666667
TM1136|AE000512.1:1149261,0.218,48.1563949585,0.534,0.112,0.2597538,-22.7588203792873,-0.076371880467407,-310.07,2.09421e-13,-24.41,0.0012619,0,0.339145361204,0.2853275,0.396635,0.35182461,0.33175884,0.37189038,0.346171,0.498759571429,0.332773879397,0.190471166667,0.33176375,9,22.1111111111,199,0.665551839465,11,0.0367892976589,-0.672240802676,-2.80526315789,-1.5487804878,0.419512195122,6,1.12666666667,NA,NA,-0.338333333333,-0.297308321308,-0.654,0.218777777778,-0.467272727273,18.0636,19.6555,17.493,16.322,18.117,10,0.200000,3,0.060000,8,0.160000,2,0.040000,3,1,6,1,0,0,6,20,0.066889632107,24,0.0802675585284,1,299,32108.9062,10.0326538086,0.127090301003,3.0,0.558882712084,0.498393091915,0.32747151093,0.410416898206,0.583091225965,0.705298734243,0.639305307991,0.195717847738,0.542282654344,0.747088611998,0.996464994513,46,0.0690649974766,1,0.0601789709172,1,0.0548098434004,1,0.175135826143,0.01655366,0.4120348,0.187549425,0.275742775,0.487777777778,-0.0404235875734,0.333333333333,0.433333333333,0.533333333333,0.7
TM1137|AE000512.1:1150157,0.188,48.2695808411,0.573,0.118,0.2369652,-9.43130173287863,-0.0263444182482643,-381.38,8.31532e-15,-29.09,0.0107717,1,0.329071295265,0.27104,0.3927175,0.3347227875,0.336876384615,0.333249273684,0.427817909091,0.295431137931,0.32452738191,0.282856545455,0.295431137931,9,22.1111111111,199,0.554317548747,11,0.0306406685237,-0.0760445682451,-2.3,-1.80487804878,1.65609756098,11,1.02909090909,NA,NA,-0.806315789474,-0.380013670268,-2.753,-0.548222222222,1.04909090909,17.4619166667,19.329,16.927,20.97,18.216,14,0.147368,11,0.115789,13,0.200000,9,0.138462,7,4,6,3,4,1,11,29,0.0807799442897,25,0.0696378830084,1,359,39878.0578,9.49005126953,0.133704735376,2.11111111111,0.926521050258,0.60274077687,0.387303854243,0.462629289303,0.753828145572,0.926521050258,0.628311538986,0.0463081056716,0.514106948953,0.755359921347,0.994094920099,63,0.0789076256901,0,0.0420581655481,1,0.0946308724832,1,0.156599552573,0.01655366,0.4120348,0.1899418,0.273092925,0.500925925926,-0.0145580122954,0.266666666667,0.466666666667,0.566666666667,0.7
TM1141|AE000512.1:1153548,0.160,48.5406646729,0.529,0.084,0.2441217,-19.8447041953001,-0.0923009497455817,-221.17,7.70319e-12,-29.37,0.034573,0,0.331703106481,0.28073925,0.36858425,0.303593863636,0.315835206897,0.293999297297,0.271508636364,0.3881985,0.344071173333,0.272997833333,0.27488955,6,25.0,150,0.694444444444,11,0.0509259259259,-0.707407407407,-2.40526315789,-2.02195121951,0.836585365854,6,1.23833333333,NA,NA,-0.422068965517,-0.428251014531,-0.498,-0.4315,-0.05,17.5759447005,18.58725,18.304,19.094,20.851,10,0.270270,4,0.108108,2,0.068966,2,0.068966,5,3,0,1,0,1,6,20,0.0925925925926,11,0.0509259259259,1,216,23483.1843,9.73052978516,0.157407407407,4.33333333333,0.593080848395,0.603662782504,0.392357272931,0.539603165363,0.673796783652,0.793769877419,0.619860518314,0.135058234235,0.508109265111,0.755892336586,0.992638600077,54,0.0905203955759,0,0.031096196868,1,0.0755033557047,1,0.0770214125919,0.03343177,0.4120348,0.1944761,0.267894,0.479262672811,-0.0571748506437,0.3,0.433333333333,0.533333333333,0.666666666667
TM1197|AE000512.1:c121798,0.148,49.3425216675,0.327,0.071,0.2151851,-10.122379381532,-0.0349047564880415,-251.31,2.83219e-13,-19.46,0.0069977,0,0.328548130584,0.287113,0.3500425,0.340645605263,0.345529236111,0.332273666667,0.177891823529,0.295068714286,0.320974316547,0.376116727273,0.376227390244,6,23.1666666667,139,0.549407114625,41,0.14089347079,0.0164948453608,-2.31052631579,-1.21219512195,1.56829268293,11,0.602727272727,NA,NA,-0.377916666667,-0.343506040564,0.066,0.1735,0.226585365854,16.1061986301,16.2395,14.927,17.064,15.776,6,0.142857,4,0.095238,11,0.152778,6,0.083333,2,1,4,3,4,3,11,20,0.0790513833992,41,0.162055335968,1,291,32874.9548,10.2145385742,0.13058419244,1.83333333333,0.783195715534,0.672200927092,0.531659262814,0.590067208579,0.767837538003,0.853078693622,0.614807178986,0.0230548439582,0.529652738654,0.730296456215,0.9256001032,34,0.0654343063716,0,0.0248322147651,1,0.0420581655481,1,0.0712687759668,0.01655366,0.4120348,0.18701235,0.275452025,0.421232876712,-0.171333441074,0.233333333333,0.366666666667,0.466666666667,0.633333333333
TM1203|AE000512.1:c122732,0.210,47.3120422363,0.507,0.072,0.2631518,-37.6178749881019,-0.0653088107432325,-562.27,6.25363e-21,-29.18,0.147134,2,0.305369168111,0.251413,0.348389,0.301008785894,0.299989237952,0.306216323077,0.409255666667,0.328347,0.314986233333,0.2256328,0.302006769231,8,22.5,180,0.311958405546,6,0.0103986135182,0.453726169844,-2.36842105263,-1.59024390244,2.60975609756,5,0.458,NA,NA,-0.886,-0.600172721675,-2.809,-1.187625,0.7,17.915,19.382,21.057,23.468,20.344,11,0.169231,5,0.076923,36,0.108434,41,0.123494,4,3,32,34,2,0,5,33,0.0571923743501,260,0.450606585789,1,577,65768.1433,7.66400146484,0.166377816291,1.75,0.519779249544,0.447771490197,0.176288939698,0.330340388073,0.574917157911,0.743308779009,0.616071179161,0.147342853354,0.51014690115,0.732371234342,0.992465832361,104,0.0737165645365,1,0.0602908277405,1,0.0461968680089,1,0.0402684563758,0.01655366,0.4246445,0.198076875,0.2776629,0.457900807382,-0.0991987867991,0.266666666667,0.4,0.5,0.666666666667
TM1206|AE000512.1:1231086,0.196,54.3319931030,0.544,0.104,0.2669225,3.03904248500338,0.037519043024733,-71.91,0.000252536,-40.13,0.0834445,0,0.312026890244,0.28627325,0.33233225,0.313844714286,0.344283,0.2643825,0.3728915,0.3202235,0.305608292683,0.2643825,0.310039076923,2,20.5,41,0.661290322581,9,0.109756097561,-0.225609756098,-1.78421052632,-0.858536585366,0.319512195122,8,0.67375,NA,NA,-0.263181818182,-0.261327751196,0.539,0.665,0.63,17.7975903614,17.64975,17.835,21.164,17.415,1,0.125000,2,0.250000,3,0.230769,2,0.153846,1,2,1,1,1,1,8,8,0.129032258065,9,0.145161290323,1,82,9089.8511,6.02691650391,0.121951219512,0.5,0.773138549687,0.698704825448,0.421562873275,0.626105888434,0.785731590017,0.885103553821,0.596247488414,0.0358329242425,0.490087778406,0.736121385047,0.95633141786,15,0.0630313199105,1,0.077293064877,0,0.0242729306488,0,0.0249280920422,0.07552821,0.3954195,0.18525175,0.2521502,0.477911646586,-0.0598326447394,0.333333333333,0.433333333333,0.533333333333,0.633333333333
TM1209|AE000512.1:1231890,0.159,48.7989768982,0.512,0.101,0.2505957,1.7847669393924,0.00705441478020711,-251.87,2.41046e-11,-30.68,0.0340187,2,0.36148753937,0.32660175,0.38763925,0.369707858268,0.361092443182,0.389147769231,0.376187333333,0.476605625,0.360373842593,0.411402818182,0.365193861111,5,21.6,108,0.459574468085,72,0.283464566929,0.485433070866,-2.35789473684,-1.69756097561,3.07073170732,11,1.24909090909,NA,NA,0.174761904762,-0.164894259364,1.064,0.6908,0.669166666667,17.359372549,15.80925,17.044,11.52,14.331,10,0.256410,7,0.179487,13,0.147727,11,0.125000,2,4,10,10,10,10,11,20,0.0851063829787,72,0.306382978723,1,254,27590.9619,9.29681396484,0.0984251968504,4.6,0.813189974015,0.53466280319,0.0346684673027,0.399242624641,0.758155754971,0.920245240969,0.626994680658,0.15000158564,0.5444729602,0.71486954,0.945579464948,59,0.0837505770392,1,0.0422818791946,1,0.0913870246085,1,0.0616810482582,0.01655366,0.4120348,0.1907907,0.2744954,0.481045751634,-0.05366710499,0.3,0.433333333333,0.533333333333,0.7
TM1222|AE000512.1:c124496,0.189,48.6999893188,0.487,0.08,0.2408768,-5.24288857116909,-0.0159844163755155,-291.41,9.06841e-14,-24.21,0.00463886,0,0.307570221884,0.267054,0.340316,0.295841619048,0.302850017544,0.285188853333,0.345646,0.227604,0.323403835714,0.313133986842,0.313133986842,6,23.3333333333,140,0.425531914894,8,0.0243161094225,-0.00364741641337,-2.35263157895,-1.86097560976,1.8756097561,76,0.153684210526,-0.0810526315789,0.516842105263,-0.630555555556,-0.445009652076,-0.479,-0.323833333333,0.97875,17.3160606061,18.16775,19.67,13.394,16.263,17,0.226667,6,0.080000,8,0.070175,7,0.061404,6,3,8,4,4,0,76,35,0.106382978723,76,0.231003039514,1,329,37507.1473,9.55364990234,0.179331306991,2.83333333333,0.477742462277,0.535994177168,0.204929867838,0.380343465294,0.694492470312,0.841478111696,0.596091417348,0.0240291729741,0.491466469156,0.713408631794,0.981510698768,40,0.0582065964739,0,0.0337807606264,0,0.0412751677852,0,0.0332374560562,0.01655366,0.4120348,0.18493355,0.2744954,0.455555555556,-0.103812462198,0.3,0.4,0.5,0.666666666667
TM1239|AE000512.1:c126673,0.232,48.0639114380,0.640,0.141,0.2553787,-7.58979062490943,-0.0627255423546234,-117.85,2.85985e-05,-32.20,0.0632416,0,0.331479131148,0.282869,0.3850375,0.319990311111,0.32177725,0.317047117647,0.243274,0.342000333333,0.338193376623,0.310321666667,0.243274,4,19.25,77,0.631147540984,11,0.0901639344262,-0.0196721311475,-1.77894736842,-1.0487804878,0.690243902439,6,1.65333333333,NA,NA,-0.381052631579,-0.150138157895,2.151,1.75,0.150909090909,18.316097561,18.19625,16.0685,15.932,15.034,7,0.411765,2,0.117647,5,0.178571,2,0.071429,4,1,2,1,2,1,6,11,0.0901639344262,11,0.0901639344262,1,122,13466.9606,10.0853881836,0.122950819672,2.5,0.55736589565,0.590624606622,0.494597751664,0.51484215,0.651013436004,0.827313828003,0.569794364162,0.149115208416,0.497174464155,0.647383740769,0.975911965445,25,0.0765473527218,1,0.067225950783,1,0.0803131991051,1,0.153403643337,0.03343177,0.3954195,0.18580225,0.2497812,0.536585365854,0.055592697708,0.3,0.466666666667,0.616666666667,0.733333333333
TM1256|AE000512.1:1281781,0.186,48.8800926208,0.571,0.1,0.2564701,-26.5041512309232,-0.046014151442575,-575.56,3.01651e-23,-23.45,0.0136236,7,0.357587152513,0.282091,0.428269,0.372619240535,0.278810571429,0.380549925121,0.277516470588,0.381989583333,0.30485740625,0.306960052632,0.381989583333,6,21.3333333333,128,0.221837088388,17,0.0294627383016,1.1712305026,-2.41052631579,-1.71707317073,3.31219512195,19,0.624210526316,0.624210526316,0.624210526316,-0.256818181818,-0.423901237778,1.563,0.360166666667,0.567647058824,18.3430795848,16.9415,17.3855,11.636,16.888,73,0.176329,58,0.140097,4,0.114286,4,0.114286,47,44,2,3,5,1,19,276,0.478336221837,19,0.0329289428076,1,577,65812.3691,9.30682373047,0.110918544194,2.16666666667,0.354026363635,0.46818459864,0.277547634127,0.331338998451,0.595170956824,0.655553567882,0.641244944973,0.148069578521,0.541728492152,0.750467412076,0.991102431815,113,0.0801984242778,1,0.0592841163311,0,0.0440715883669,1,0.0859699584532,0.01655366,0.4246445,0.198076875,0.2776629,0.469434832757,-0.0765085799175,0.266666666667,0.4,0.533333333333,0.666666666667
TM1262|AE000512.1:c128839,0.182,46.9770050049,0.551,0.116,0.2380108,-8.02128224731974,-0.0291682990811627,-290.40,3.84445e-12,-33.50,0.00178998,0,0.356536134058,0.30657175,0.38277175,0.359556175573,0.33896162069,0.365411490196,0.265765,0.35911,0.353807682759,0.352906526316,0.387683310811,6,24.1666666667,145,0.525362318841,8,0.0289855072464,-0.346739130435,-2.36842105263,-1.86341463415,1.44146341463,19,0.473684210526,0.473684210526,0.473684210526,-0.323461538462,-0.324597222481,-2.731,-0.0885,0.77125,17.7251263538,17.3035,18.265,25.344,19.505,18,0.176471,8,0.078431,2,0.068966,3,0.103448,9,6,2,2,2,1,19,74,0.268115942029,19,0.0688405797101,1,276,29617.984,9.56561279297,0.123188405797,3.0,0.622706283391,0.581463897923,0.462829012545,0.512095495356,0.633018785872,0.714910061375,0.650286284278,0.00797443772588,0.527299272714,0.79337324333,0.998450326899,61,0.0857868351867,1,0.117673378076,1,0.130089485459,1,0.220517737296,0.01655366,0.4120348,0.1902738,0.2782508,0.510228640193,0.00374266803176,0.333333333333,0.466666666667,0.566666666667,0.733333333333
TM1263|AE000512.1:c128922,0.176,53.6301918030,0.560,0.129,0.2303397,-20.6424248634662,-0.0753373170199497,-267.20,6.05845e-11,-45.33,0.0975919,0,0.345254294545,0.278648,0.4093545,0.353782138686,0.338085516667,0.366013272727,0.138183,0.5051293,0.355090946429,0.30510955,0.362330595745,5,22.4,112,0.449799196787,23,0.0836363636364,-0.411272727273,-2.46842105263,-1.27317073171,0.485365853659,20,0.641,0.483684210526,0.764736842105,-0.333103448276,-0.279254920159,-1.883,-0.2582,0.382173913043,18.2257608696,19.37725,19.68,12.574,16.4,11,0.142857,8,0.103896,2,0.033333,9,0.150000,4,5,2,3,0,4,20,47,0.18875502008,26,0.104417670683,1,275,29507.637,5.02923583984,0.109090909091,3.2,0.553867457956,0.521410341704,0.386210855009,0.441876972645,0.555671986925,0.808317484222,0.593738719883,0.173769843531,0.49692162882,0.701531359803,0.96390129656,43,0.0679745310618,1,0.123154362416,1,0.0580536912752,1,0.116011505273,0.01655366,0.4120348,0.1907834,0.2781438,0.524154589372,0.0311383653391,0.333333333333,0.466666666667,0.566666666667,0.766666666667
TM1306|AE000512.1:1329307,0.167,52.6432952881,0.471,0.08,0.2374817,1.3497877581622,0.00943907523190348,-119.25,3.02809e-07,-26.61,0.00398081,0,0.333595423611,0.29036675,0.361166,0.339100830508,0.3466210625,0.336302604651,0.281973217391,0.446055071429,0.329774023529,0.3555636,0.281973217391,4,21.25,85,0.590277777778,23,0.159722222222,-0.267361111111,-2.42105263158,-1.61219512195,1.2756097561,5,0.622,NA,NA,-0.6308,-0.546163345865,-2.406,0.817,0.130434782609,17.9797931034,19.78775,20.9395,31.63,23.449,7,0.162791,6,0.139535,2,0.125000,3,0.187500,1,2,1,3,1,2,5,23,0.159722222222,11,0.0763888888889,1,144,16347.3389,8.75933837891,0.166666666667,1.25,0.479515928814,0.611910432649,0.434856532741,0.509988477121,0.690809574797,0.875797364876,0.607765142131,0.193592364512,0.512905231316,0.717942735687,0.942206968337,27,0.0668620222453,1,0.0270693512304,1,0.0275167785235,1,0.0658357302653,0.03343177,0.3954195,0.1854943,0.2558685,0.422988505747,-0.167879695767,0.2,0.366666666667,0.466666666667,0.533333333333
TM1319|AE000512.1:1338685,0.175,56.7040939331,0.507,0.079,0.2526563,-20.9130314779145,-0.0371457042236491,-496.76,2.33061e-25,-29.49,0.00564813,4,0.419341553191,0.34952375,0.465944,0.42796282093,0.446453916667,0.426273279188,0.297305454545,0.439825297794,0.391676291045,0.463250576923,0.439825297794,6,22.3333333333,134,0.237588652482,11,0.0195035460993,1.21418439716,-2.19473684211,-1.16097560976,3.33658536585,26,0.699615384615,0.501578947368,0.885263157895,-0.1085,-0.440668464565,2.302,1.48266666667,0.776363636364,17.8893274336,14.11025,14.2815,17.454,13.51,67,0.170051,58,0.147208,8,0.222222,4,0.111111,42,44,5,3,5,0,26,272,0.482269503546,26,0.0460992907801,1,564,63836.6767,8.97894287109,0.0939716312057,1.66666666667,0.590543922952,0.641843563715,0.466114082634,0.507020765337,0.782421841176,0.811421482397,0.607706209288,0.107673348007,0.509334059542,0.712035452116,0.982362973843,106,0.0725914956969,1,0.0697986577181,1,0.0413870246085,1,0.061041866411,0.01655366,0.4246445,0.1973472,0.2775759,0.436578171091,-0.141145549786,0.233333333333,0.366666666667,0.5,0.7
TM1328|AE000512.1:1347826,0.219,47.9978408813,0.487,0.065,0.2777391,-22.1332025085914,-0.0388301798396341,-512.66,3.75418e-25,-19.11,0.00754571,4,0.403564238179,0.3332055,0.477852,0.412891150424,0.403831667702,0.43233884,0.422176,0.406336338926,0.359096535354,0.358344,0.406336338926,5,19.8,99,0.173380035026,22,0.0385288966725,1.28091068301,-2.32631578947,-1.78536585366,3.30975609756,19,0.718421052632,0.718421052632,0.718421052632,-0.425789473684,-0.540851674641,1.381,-0.0964,1.11454545455,19.1215734266,20.158,19.6015,20.11,16.634,32,0.213333,15,0.100000,44,0.136646,48,0.149068,14,9,40,45,8,3,19,71,0.124343257443,298,0.521891418564,1,571,65399.3912,9.18304443359,0.105078809107,0.8,0.348745813271,0.455185045747,0.167948229469,0.357588640512,0.593769457042,0.623402034871,0.621524518727,0.104635452023,0.526124602531,0.735770410686,0.964632018336,116,0.0719500831554,1,0.0440715883669,1,0.0850111856823,1,0.0866091403004,0.01655366,0.4246445,0.197999625,0.2777695,0.432983682984,-0.148216773938,0.233333333333,0.366666666667,0.5,0.633333333333
TM1377|AE000512.1:1394638,0.182,47.7423744202,0.594,0.103,0.2522801,-17.2782848584555,-0.0662003251281819,-246.04,2.94507e-11,-25.08,0.121441,0,0.327301248092,0.2662675,0.3789305,0.330437220472,0.318052315789,0.348893156863,0.393294,0.336375166667,0.324351111111,0.280859666667,0.352639515152,6,22.5,135,0.515267175573,6,0.0229007633588,-0.199618320611,-2.5,-1.08536585366,0.89756097561,30,0.114666666667,-0.325263157895,0.336315789474,-1.018,-0.562278239635,-2.998,-0.660666666667,-0.243333333333,17.7413688213,16.51725,16.7125,18.508,19.231,12,0.235294,6,0.117647,6,0.078947,5,0.065789,4,5,3,2,1,0,30,33,0.125954198473,30,0.114503816794,1,262,29659.2911,9.69476318359,0.156488549618,1.5,0.530736656281,0.495168729829,0.191241142841,0.436313040161,0.586669209095,0.735816394273,0.611438289633,0.0421637048096,0.515607392115,0.716127510494,0.98759841774,45,0.0631044570642,1,0.103467561521,1,0.0769574944072,1,0.0843720038351,0.01655366,0.4120348,0.1897863,0.27565665,0.485424588086,-0.0450528786664,0.266666666667,0.433333333333,0.566666666667,0.7
TM1378|AE000512.1:1395423,0.198,54.6605682373,0.617,0.091,0.2520638,-5.3250618000258,-0.0208825952942188,-224.48,2.36061e-11,-29.89,0.0150132,0,0.291639917969,0.25769625,0.33633775,0.266879983333,0.257624280702,0.275254190476,0.301313,0.14673175,0.313486919118,0.22402469697,0.22402469697,6,22.6666666667,136,0.53125,11,0.04296875,-0.37734375,-2.58421052632,-1.58780487805,0.960975609756,33,0.245757575758,-0.00421052631579,0.320526315789,-0.876842105263,-0.437966902345,-0.564,0.578666666667,0.351818181818,16.9782101167,18.28,18.7925,15.036,16.811,13,0.206349,6,0.095238,7,0.122807,2,0.035088,4,5,5,2,3,0,33,33,0.12890625,33,0.12890625,1,256,29090.4054,9.61517333984,0.1640625,1.83333333333,0.474010196147,0.45120377676,0.262251555919,0.366593334524,0.515894555618,0.678343641525,0.588871820056,0.0996800897506,0.4884430908,0.697647329823,0.973591414971,29,0.0593986154415,1,0.0612975391499,1,0.077293064877,1,0.0450623202301,0.01655366,0.4120348,0.1902738,0.2719145,0.470817120623,-0.0737892866414,0.333333333333,0.433333333333,0.533333333333,0.733333333333
TM1397|AE000512.1:c141303,0.192,49.4605560303,0.498,0.094,0.2221705,-20.7676292416387,-0.0772030826826716,-247.74,2.95962e-11,-31.18,0.0150958,1,0.352366677778,0.2923925,0.403808,0.376184677419,0.354136212121,0.384180274725,0.446906583333,0.375869020408,0.332137691781,0.254505818182,0.375869020408,7,20.8571428571,146,0.540740740741,12,0.0444444444444,0.13962962963,-2.35789473684,-1.30731707317,1.46341463415,11,1.37272727273,NA,NA,-0.285517241379,-0.36880593181,0.034,0.735714285714,0.820833333333,17.9050922509,18.74775,20.1,29.132,20.813,19,0.208791,12,0.131868,3,0.090909,6,0.181818,9,5,2,2,2,2,11,49,0.181481481481,12,0.0444444444444,1,270,30098.1637,7.76116943359,0.151851851852,2.0,0.592132685404,0.613240577732,0.217160884463,0.581354047096,0.709126022065,0.78781049841,0.590544903573,0.155133320332,0.499469083054,0.697354053891,0.905892470397,42,0.0655531069485,0,0.0427293064877,1,0.0535794183445,1,0.0789389581336,0.01655366,0.4120348,0.19052495,0.277167,0.466174661747,-0.0829221217888,0.3,0.4,0.533333333333,0.666666666667
TM1428|AE000512.1:1443494,0.240,43.4245948792,0.525,0.103,0.3052832,-32.6042531543637,-0.0577066427510861,-496.87,9.29562e-23,-23.40,0.0174177,6,0.471674694346,0.38745275,0.55982625,0.485114600775,0.381967350318,0.53022356546,0.399528428571,0.53022356546,0.348429434783,NA,NA,1,23.0,23,0.0426716141002,157,0.277385159011,1.97826855124,-2.32631578947,-0.760975609756,3.89756097561,359,1.03122562674,0.187894736842,1.81473684211,-0.545652173913,-0.545652173913,-1.98,-1.98,0.814267515924,20.5503703704,21.83225,22.502,16.636,19.72,46,0.128134,74,0.206128,24,0.152866,24,0.152866,46,74,24,24,24,24,NA,359,0.666048237477,157,0.291280148423,1,566,63040.4117,4.82366943359,0.0583038869258,1.0,0.414765940468,0.553103784294,0.414765940468,0.458633687213,0.614684926849,0.825965919487,0.582531049786,0.0507291662056,0.483685635103,0.700455174101,0.98600378091,116,0.0866493724912,1,0.0388143176734,1,0.089485458613,NA,NA,0.01655366,0.4246445,0.1973472,0.27759275,0.470311581423,-0.0747838040505,0.266666666667,0.433333333333,0.533333333333,0.666666666667
TM1429|AE000512.1:1445404,0.179,41.5142974854,0.321,0.068,0.2527984,-20.1228614452254,-0.0863642122112678,-205.79,3.13862e-10,-26.97,0.0295567,0,0.319890235043,0.27611975,0.361361,0.337218651685,0.342268809524,0.324981730769,0.2771116,0.201934,0.309254172414,0.296266125,0.422727142857,7,20.7142857143,145,0.619658119658,5,0.0213675213675,-0.234188034188,-1.94210526316,-1.26585365854,1.09268292683,8,1.70625,NA,NA,0.005,-0.23749970706,1.192,1.42928571429,-0.526,16.7079574468,19.38775,20.247,23.626,24.64,6,0.230769,1,0.038462,11,0.174603,7,0.111111,1,1,5,3,0,0,8,11,0.0470085470085,28,0.119658119658,1,234,24863.0839,8.96771240234,0.111111111111,4.0,0.589758127037,0.60847545019,0.431756159346,0.513184213128,0.697704950141,0.805249630343,0.623952526578,0.231499809411,0.542804639344,0.713160816926,0.890041807636,39,0.0703058705547,1,0.114653243848,1,0.134899328859,0,0.0910834132311,0.03343177,0.4120348,0.1973472,0.2755425,0.445390070922,-0.12381041971,0.233333333333,0.4,0.5,0.6
TM1480|AE000512.1:c148827,0.164,47.5206909180,0.522,0.082,0.2378889,-5.36790144608803,-0.0124834917350884,-435.03,4.44283e-18,-34.47,0.0182265,2,0.332674220418,0.2654225,0.3917605,0.343739284404,0.296793987952,0.372601948148,0.267879294118,0.33950292,0.321349413146,0.290082333333,0.290082333333,10,21.3,213,0.494199535963,17,0.0394431554524,0.37656612529,-2.28947368421,-1.49756097561,2.37073170732,45,0.248444444444,-0.116315789474,0.662631578947,-0.614736842105,-0.394196245059,-0.192,0.138,0.629411764706,16.2509490741,15.4095,16.7225,14.682,19.465,37,0.274074,15,0.111111,7,0.084337,6,0.072289,7,1,3,4,4,2,45,36,0.0835266821346,45,0.104408352668,1,431,48169.5733,10.2149047852,0.127610208817,2.3,0.534419261045,0.415520270691,0.134963530984,0.298840591642,0.546443144065,0.708132086046,0.647578712365,0.0457281896142,0.533507915191,0.777413053318,0.992650625087,96,0.0834102511955,1,0.0685682326622,1,0.162639821029,0,0.0457015020773,0.01655366,0.4120348,0.1908053,0.27554615,0.473765432099,-0.0679892476115,0.266666666667,0.433333333333,0.533333333333,0.633333333333
TM1528|AE000512.1:1523176,0.197,54.4389381409,0.443,0.082,0.2505957,-13.3997330418179,-0.0465268508396454,-265.75,1.29031e-11,-29.88,0.00492049,2,0.391148937716,0.335108,0.432692,0.418376061947,0.348622619048,0.434298043478,0.353448,0.565794,0.373667886364,0.3262276,0.4643646,9,19.5555555556,176,0.608996539792,6,0.0207612456747,0.059169550173,-2.36315789474,-1.64390243902,1.76829268293,5,1.302,NA,NA,-0.156842105263,-0.307994845329,3.156,0.591888888889,-0.0416666666667,18.113,17.72375,14.7215,16.048,16.518,18,0.195652,13,0.141304,3,0.142857,2,0.095238,5,6,0,2,1,0,5,35,0.121107266436,5,0.0173010380623,1,289,31676.5069,9.38433837891,0.114186851211,2.0,0.876119326051,0.673212890069,0.360342229873,0.498132294376,0.809026879202,0.974308018739,0.635258661773,0.189290151781,0.542346370486,0.743130175919,0.96488229593,56,0.0775592607316,1,0.0816554809843,1,0.0568232662192,0,0.0300415468201,0.01655366,0.4120348,0.18708365,0.275337875,0.449425287356,-0.115872176752,0.233333333333,0.4,0.5,0.666666666667
TM1732|AE000512.1:1708325,0.182,44.1340637207,0.489,0.081,0.214015,-7.01476195012212,-0.0723171335064136,-79.65,1.27065e-05,-30.59,0.0126241,0,0.345843489796,0.3021635,0.3901075,0.377759980769,0.404438289474,0.305347428571,0.285580454545,0.377826333333,0.309763978261,0.404438289474,0.404438289474,2,23.0,46,0.469387755102,11,0.112244897959,-0.233673469388,-1.85263157895,-0.70243902439,0.658536585366,38,0.202631578947,-0.0147368421053,0.256315789474,-0.288695652174,-0.323913043478,0.363,0.231,-0.36,16.7081818182,17.811,19.1535,20.306,19.017,2,0.142857,0,0.000000,5,0.131579,2,0.052632,1,0,5,2,1,0,38,11,0.112244897959,38,0.387755102041,1,98,11166.2963,9.51165771484,0.142857142857,0.5,0.614683909198,0.604099175016,0.323143529044,0.536078405911,0.670540564763,0.874383488639,0.59349935911,0.228217544204,0.512960347978,0.66526527237,0.997881397278,13,0.0558351976137,1,0.0631991051454,1,0.0529082774049,0,0.0105465004794,0.03343177,0.3954195,0.1790327,0.2559011,0.444444444444,-0.125670694828,0.3,0.4,0.5,0.566666666667
TM1747|AE000512.1:1723859,0.154,45.1587944031,0.312,0.062,0.232064,-26.3443661576919,-0.0774834298755645,-284.75,5.56326e-16,-39.71,0.0732144,1,0.354186592375,0.297083,0.402542,0.35602397561,0.334394458333,0.386559764706,0.429270387097,0.372927,0.351417007353,0.3554008,0.3554008,6,22.6666666667,136,0.398826979472,31,0.0909090909091,0.246920821114,-2.34210526316,-1.56341463415,2.50487804878,80,0.581375,-0.124210526316,1.03894736842,-0.634545454545,-0.42668435391,-3.318,-0.6655,0.275161290323,16.6654385965,18.0505,17.474,15.424,15.6,15,0.176471,10,0.117647,15,0.125000,13,0.108333,7,4,11,10,4,3,80,36,0.105571847507,80,0.234604105572,1,341,37976.9133,9.39410400391,0.108504398827,2.16666666667,0.611732144904,0.587655719741,0.12465466884,0.418275025346,0.759113033102,0.997519858543,0.581886325203,0.0650187581071,0.50276177064,0.682876805431,0.996337866398,38,0.0561395867567,1,0.0665548098434,1,0.0337807606264,0,-0.0,0.01655366,0.4120348,0.187023875,0.2752808,0.408382066277,-0.196614081432,0.133333333333,0.333333333333,0.466666666667,0.666666666667
TM1787|AE000512.1:c176297,0.179,46.8348541260,0.460,0.079,0.2380584,-3.81142861032352,-0.0140126051850129,-260.78,2.08566e-12,-22.75,0.00599068,0,0.360563695971,0.30267,0.401639,0.370340070423,0.329296580645,0.402148775,0.5531875,0.3452835,0.357127445545,0.4550604,0.356256545455,10,20.2,202,0.739926739927,4,0.014652014652,-0.631868131868,-2.24736842105,-1.6487804878,0.636585365854,5,-0.01,NA,NA,-0.398421052632,-0.353404494933,1.251,0.5053,0.4525,16.7277372263,14.6085,15.365,19.25,15.443,10,0.250000,3,0.075000,4,0.129032,5,0.161290,4,2,2,2,1,0,5,11,0.040293040293,11,0.040293040293,1,273,29826.6684,9.80242919922,0.142857142857,2.4,0.400253361209,0.418196483847,0.0458480730711,0.278159436911,0.670983755762,0.785297214899,0.63402909007,0.0288513570004,0.52797022453,0.768758690668,0.997439596833,69,0.0875620165598,1,0.0404921700224,1,0.0883668903803,0,0.0147011824864,0.01655366,0.4120348,0.1908053,0.2779298,0.456204379562,-0.102536069052,0.233333333333,0.4,0.533333333333,0.666666666667
TM1818|AE000512.1:c179502,0.228,47.2207603455,0.543,0.102,0.2514356,-1.21351244794297,-0.00735462089662406,-161.55,2.26413e-08,-32.01,0.00286005,0,0.384515439759,0.317898,0.454027,0.414699140845,0.40616996,0.435006714286,0.308155666667,0.223104,0.385677945946,0.44560185,0.415632355556,3,24.6666666667,74,0.510344827586,45,0.271084337349,-0.716265060241,-2.03684210526,-1.53658536585,0.519512195122,20,0.7415,0.685263157895,0.767368421053,-0.448214285714,-0.35541005291,-1.303,0.0676666666667,0.298888888889,17.8705988024,20.002,22.1115,29.404,27.119,6,0.285714,1,0.047619,3,0.060000,3,0.060000,6,1,2,3,2,3,20,20,0.137931034483,45,0.310344827586,1,166,17717.2741,9.80010986328,0.120481927711,3.33333333333,0.747470373335,0.574832023104,0.284347821021,0.468302441405,0.683168787177,0.78113837137,0.607501023842,0.126569990157,0.487658583406,0.754736235033,0.989530286838,37,0.0756943307688,1,0.0997762863535,1,0.0582774049217,0,0.0249280920422,0.03343177,0.3954195,0.1894587,0.26053425,0.487025948104,-0.0419026176854,0.266666666667,0.433333333333,0.533333333333,0.633333333333
TM1836|AE000512.1:c181000,0.226,47.6070137024,0.510,0.078,0.2752195,-21.7655429452009,-0.0261605083475972,-745.34,6.6506e-32,-35.48,0.0554553,7,0.418121266507,0.339929,0.489608,0.433257427948,0.444512438986,0.306437571429,0.483095333333,0.314583333333,0.319570461538,0.218410545455,0.456202779661,5,23.4,117,0.14552238806,590,0.708283313325,1.45402160864,-2.37368421053,-1.37317073171,4.3487804878,11,0.160909090909,NA,NA,-0.2344,-0.413393833992,0.024,-0.2742,0.855830508475,18.8153956835,15.2285,14.614,22.104,16.714,8,0.142857,4,0.071429,97,0.153724,109,0.172742,2,4,94,105,94,105,11,30,0.0373134328358,590,0.733830845771,1,833,94861.1328,5.66717529297,0.0948379351741,2.8,0.715717226559,0.643118046356,0.303006973643,0.518697487397,0.760922354783,0.886527668617,0.625251308923,0.0444003589945,0.537363122394,0.723776880055,0.993883457069,129,0.0716691299397,1,0.113310961969,1,0.0368008948546,1,0.132310642378,0.01655366,0.4275826,0.198196075,0.279493725,0.442446043165,-0.129602031632,0.233333333333,0.4,0.5,0.7
TM1854|AE000512.1:c183672,0.179,55.3569679260,0.493,0.081,0.2372835,-5.84291068431506,-0.0202176840287718,-238.84,2.21472e-12,-30.40,0.0392799,0,0.289348527586,0.223768,0.34408875,0.279675375796,0.248020677419,0.325673609375,0.427803818182,0.198917363636,0.300767210526,0.230177942857,0.230177942857,6,22.1666666667,133,0.458620689655,11,0.0379310344828,-0.211724137931,-2.31052631579,-1.09756097561,0.746341463415,35,0.145428571429,-0.105263157895,0.477368421053,-0.762222222222,-0.52765652383,-1.691,-0.0435,0.981818181818,17.1265979381,16.21025,14.8775,17.3,16.479,13,0.203125,6,0.093750,9,0.096774,5,0.053763,3,3,6,2,4,1,35,31,0.106896551724,35,0.120689655172,1,290,33481.6429,9.89703369141,0.189655172414,1.5,0.407405416289,0.591604935775,0.364672917487,0.469421572897,0.695028405783,0.784117823616,0.604513121296,0.135167629381,0.515406417929,0.695042034933,0.96786292382,37,0.0633699975143,1,0.0563758389262,1,0.081096196868,0,0.0249280920422,0.01655366,0.4120348,0.187048,0.27539495,0.430698739977,-0.152711807359,0.233333333333,0.4,0.466666666667,0.666666666667
TM1861|AE000512.1:c184368,0.186,49.3962821960,0.521,0.092,0.2601777,-10.4004759901186,-0.058759751356602,-165.67,1.18281e-09,-31.44,0.0312322,0,0.301808117978,0.274809,0.32556775,0.307863608696,0.297570962963,0.32249,0.2941285,0.242262,0.295330151163,0.3058668,0.29672444898,4,21.5,86,0.483146067416,6,0.0337078651685,-0.0825842696629,-2.40526315789,-1.68048780488,1.3756097561,5,0.406,NA,NA,-0.476818181818,-0.473292891319,0.887,0.4445,0.575,18.0887150838,19.6365,20.8615,18.04,21.164,7,0.184211,6,0.157895,7,0.129630,2,0.037037,5,3,7,1,0,1,5,20,0.112359550562,49,0.275280898876,1,178,20004.6122,9.47381591797,0.157303370787,0.75,0.769295813218,0.66292659846,0.283296053349,0.497087198932,0.769937041787,0.961799272994,0.650469231578,0.382312144003,0.583757186342,0.71969146969,0.921057737782,33,0.0862314419361,1,0.0800894854586,1,0.0825503355705,0,0.0268456375839,0.03343177,0.3954195,0.1879688,0.26085575,0.450651769088,-0.113459391683,0.266666666667,0.4,0.5,0.633333333333
